{
  "AL": {"lat": 20.1875, "lng": 41.124},
  "AT": {"lat": 14.5, "lng": 47.6695},
  "BE": {"lat": 4.5, "lng": 50.9},
  "BG": {"lat": 25.4695, "lng": 42.7405},
  "CH": {"lat": 8.213, "lng": 46.8155},
  "CY": {"lat": 33.4635, "lng": 35.1615},
  "CZ": {"lat": 15.4765, "lng": 49.8195},
  "DE": {"lat": 10.4255, "lng": 51.091},
  "DK": {"lat": 9.4, "lng": 55.691},
  "EE": {"lat": 26.012, "lng": 58.5685},
  "EL": {"lat": 21.819, "lng": 39.833},
  "ES": {"lat": -3.9355, "lng": 40.6505},
  "FI": {"lat": 26, "lng": 64},
  "FR": {"lat": 3, "lng": 46.191},
  "HR": {"lat": 16.484, "lng": 45.681},
  "HU": {"lat": 19.505, "lng": 47.1705},
  "IE": {"lat": -8.1515, "lng": 53.4105},
  "IS": {"lat": -18.4565, "lng": 64.656},
  "IT": {"lat": 12.532, "lng": 42.855},
  "LI": {"lat": 9.5485, "lng": 47.1615},
  "LT": {"lat": 23.895, "lng": 55.165},
  "LU": {"lat": 6.1105, "lng": 49.8265},
  "LV": {"lat": 24.6095, "lng": 56.8605},
  "ME": {"lat": 19.3955, "lng": 43},
  "MK": {"lat": 21.735, "lng": 41.5835},
  "MT": {"lat": 14.5, "lng": 35.9025},
  "NL": {"lat": 5.6, "lng": 52.369},
  "NO": {"lat": 9.8, "lng": 61.3},
  "PL": {"lat": 19.12, "lng": 51.9475},
  "PT": {"lat": -8, "lng": 38.3},
  "RO": {"lat": 24.972, "lng": 45.9515},
  "RS": {"lat": 20.948, "lng": 44.2255},
  "SE": {"lat": 16, "lng": 62.227},
  "SI": {"lat": 15.047, "lng": 46.148},
  "SK": {"lat": 19.709, "lng": 48.6765},
  "TR": {"lat": 35.215, "lng": 38.9825},
  "UK": {"lat": -2, "lng": 53},
  "ES1": {"lat": -7.70042, "lng": 42.77823},
  "ES4": {"lat": -4.735905, "lng": 40.58041},
  "ES5": {"lat": 0, "lng": 40.350305},
  "ES6": {"lat":-4.126445 , "lng": 37.50689},
  "UKM": {"lat": -4.175375, "lng": 56.758215},
  "UKD": {"lat":-2.5639, "lng":54.07433},
  "UKJ": {"lat":-0.77005999999999997, "lng":51.3852 },
  "NL4": {"lat":5.71737, "lng":51.29119}
}
