{
  "@context" : {
    "ids" : "https://w3id.org/idsa/core/"
  ,"idsc" : "https://w3id.org/idsa/code/"
  ,"ApiDocumentType" : "ids:ApiDocumentType"
  ,"DataType" : "ids:DataType"
  ,"Endpoint" : "ids:Endpoint"
  ,"StaticEndpoint" : "ids:StaticEndpoint"
  ,"InteractiveEndpoint" : "ids:InteractiveEndpoint"
  ,"Host" : "ids:Host"
  ,"Artifact" : "ids:Artifact"
  ,"OperationBinding" : "ids:OperationBinding"
  ,"FaultPropagationRule" : "ids:FaultPropagationRule"
  ,"Protocol" : "ids:Protocol"
  ,"Interface" : "ids:Interface"
  ,"Described" : "ids:Described"
  ,"Operation" : "ids:Operation"
  ,"Message" : "ids:Message"
  ,"Connector" : "ids:Connector"
  ,"Agent" : "ids:Agent"
  ,"DynamicAttributeToken" : "ids:DynamicAttributeToken"
  ,"Token" : "ids:Token"
  ,"Contract" : "ids:Contract"
  ,"MessageExchangePattern" : "ids:MessageExchangePattern"
  ,"OperationType" : "ids:OperationType"
  ,"Parameter" : "ids:Parameter"
  ,"ParameterGroup" : "ids:ParameterGroup"
  ,"Resource" : "ids:Resource"
  ,"Named" : "ids:Named"
  ,"DigitalContent" : "ids:DigitalContent"
  ,"ParameterAssignment" : "ids:ParameterAssignment"
  ,"Value" : "ids:Value"
  ,"ParameterGroupingOperator" : "ids:ParameterGroupingOperator"
  ,"RepresentationInstance" : "ids:RepresentationInstance"
  ,"Concept" : "ids:Concept"
  ,"ContentType" : "ids:ContentType"
  ,"DataApp" : "ids:DataApp"
  ,"Software" : "ids:Software"
  ,"SystemAdapter" : "ids:SystemAdapter"
  ,"DataProcessingApp" : "ids:DataProcessingApp"
  ,"DataAppPlugin" : "ids:DataAppPlugin"
  ,"DataAppAsset" : "ids:DataAppAsset"
  ,"Representation" : "ids:Representation"
  ,"Language" : "ids:Language"
  ,"TemporalEntity" : "ids:TemporalEntity"
  ,"SpatialEntity" : "ids:SpatialEntity"
  ,"Standard" : "ids:Standard"
  ,"MediaType" : "ids:MediaType"
  ,"CustomMediaType" : "ids:CustomMediaType"
  ,"IANAMediaType" : "ids:IANAMediaType"
  ,"DescribedSemantically" : "ids:DescribedSemantically"
  ,"ManagedEntity" : "ids:ManagedEntity"
  ,"License" : "ids:License"
  ,"ContractOffer" : "ids:ContractOffer"
  ,"VocabularyData" : "ids:VocabularyData"
  ,"Event" : "ids:Event"
  ,"Location" : "ids:Location"
  ,"GeoPoint" : "ids:GeoPoint"
  ,"GeoFeature" : "ids:GeoFeature"
  ,"Geometry" : "ids:Geometry"
  ,"BoundingPolygon" : "ids:BoundingPolygon"
  ,"Instant" : "ids:Instant"
  ,"Interval" : "ids:Interval"
  ,"DurationEntity" : "ids:DurationEntity"
  ,"Action" : "ids:Action"
  ,"Constraint" : "ids:Constraint"
  ,"BinaryOperator" : "ids:BinaryOperator"
  ,"ContractAgreement" : "ids:ContractAgreement"
  ,"ContractRequest" : "ids:ContractRequest"
  ,"Participant" : "ids:Participant"
  ,"TextResource" : "ids:TextResource"
  ,"Permission" : "ids:Permission"
  ,"Prohibition" : "ids:Prohibition"
  ,"Duty" : "ids:Duty"
  ,"PolicyTemplate" : "ids:PolicyTemplate"
  ,"LeftOperand" : "ids:LeftOperand"
  ,"PaymentModel" : "ids:PaymentModel"
  ,"ImmediatePayment" : "ids:ImmediatePayment"
  ,"SubscriptionPayment" : "ids:SubscriptionPayment"
  ,"CashMachine" : "ids:CashMachine"
  ,"PrePaidCredit" : "ids:PrePaidCredit"
  ,"PostPaidCredit" : "ids:PostPaidCredit"
  ,"PricingModel" : "ids:PricingModel"
  ,"PricingOption" : "ids:PricingOption"
  ,"FreeUse" : "ids:FreeUse"
  ,"ChargeableUse" : "ids:ChargeableUse"
  ,"ConsumptionBasedPricing" : "ids:ConsumptionBasedPricing"
  ,"QuantityBasedPricing" : "ids:QuantityBasedPricing"
  ,"FeatureBasedPricing" : "ids:FeatureBasedPricing"
  ,"FlatratePricing" : "ids:FlatratePricing"
  ,"FreemiumModel" : "ids:FreemiumModel"
  ,"Rule" : "ids:Rule"
  ,"Unit" : "ids:Unit"
  ,"CertificationBody" : "ids:CertificationBody"
  ,"EvaluationFacility" : "ids:EvaluationFacility"
  ,"Certification" : "ids:Certification"
  ,"CertificationScheme" : "ids:CertificationScheme"
  ,"CertificationLevel" : "ids:CertificationLevel"
  ,"AppStore" : "ids:AppStore"
  ,"Broker" : "ids:Broker"
  ,"Catalog" : "ids:Catalog"
  ,"ClearingHouse" : "ids:ClearingHouse"
  ,"InfrastructureComponent" : "ids:InfrastructureComponent"
  ,"BaseConnector" : "ids:BaseConnector"
  ,"TrustedConnector" : "ids:TrustedConnector"
  ,"SecurityProfile" : "ids:SecurityProfile"
  ,"SecurityGuarantee" : "ids:SecurityGuarantee"
  ,"AuthInfo" : "ids:AuthInfo"
  ,"DAPS" : "ids:DAPS"
  ,"IdentityProvider" : "ids:IdentityProvider"
  ,"ComponentCertification" : "ids:ComponentCertification"
  ,"PublicKey" : "ids:PublicKey"
  ,"ParIS" : "ids:ParIS"
  ,"KeyType" : "ids:KeyType"
  ,"IndustrialClassification" : "ids:IndustrialClassification"
  ,"IndustrialClassificationISIC" : "ids:IndustrialClassificationISIC"
  ,"Person" : "ids:Person"
  ,"Site" : "ids:Site"
  ,"ParticipantCertification" : "ids:ParticipantCertification"
  ,"AuthStandard" : "ids:AuthStandard"
  ,"DatPayload" : "ids:DatPayload"
  ,"TokenFormat" : "ids:TokenFormat"
  ,"Activity" : "ids:Activity"
  ,"CreationActivity" : "ids:CreationActivity"
  ,"RemovalActivity" : "ids:RemovalActivity"
  ,"ProvisioningActivity" : "ids:ProvisioningActivity"
  ,"ShutdownActivity" : "ids:ShutdownActivity"
  ,"PublicationActivity" : "ids:PublicationActivity"
  ,"WithdrawActivity" : "ids:WithdrawActivity"
  ,"SuspensionActivity" : "ids:SuspensionActivity"
  ,"ResumptionActivity" : "ids:ResumptionActivity"
  ,"ModificationActivity" : "ids:ModificationActivity"
  ,"ParticipantCertificationLevel" : "ids:ParticipantCertificationLevel"
  ,"ComponentCertificationLevel" : "ids:ComponentCertificationLevel"
  ,"PageReferenceParameter" : "ids:PageReferenceParameter"
  ,"QueryLanguage" : "ids:QueryLanguage"
  ,"QueryScope" : "ids:QueryScope"
  ,"QueryTarget" : "ids:QueryTarget"
  ,"RejectionReason" : "ids:RejectionReason"
  ,"IntegrityGuarantee" : "ids:IntegrityGuarantee"
  ,"IntegrityVerificationScopeGuarantee" : "ids:IntegrityVerificationScopeGuarantee"
  ,"AuthenticationGuarantee" : "ids:AuthenticationGuarantee"
  ,"ServiceIsolationGuarantee" : "ids:ServiceIsolationGuarantee"
  ,"AppExecutionResources" : "ids:AppExecutionResources"
  ,"UsageControlGuarantee" : "ids:UsageControlGuarantee"
  ,"AuditGuarantee" : "ids:AuditGuarantee"
  ,"LocalDataConfidentialityGuarantee" : "ids:LocalDataConfidentialityGuarantee"
  ,"SortOrder" : "ids:SortOrder"
  ,"Data" : "ids:Data"
  ,"Text" : "ids:Text"
  ,"Audio" : "ids:Audio"
  ,"Image" : "ids:Image"
  ,"Video" : "ids:Video"
  ,"Container" : "ids:Container"
  ,"OpaqueContent" : "ids:OpaqueContent"
  ,"AtomicData" : "ids:AtomicData"
  ,"Structure" : "ids:Structure"
  ,"Collection" : "ids:Collection"
  ,"Map" : "ids:Map"
  ,"List" : "ids:List"
  ,"RequestMessage" : "ids:RequestMessage"
  ,"ResponseMessage" : "ids:ResponseMessage"
  ,"NotificationMessage" : "ids:NotificationMessage"
  ,"CommandMessage" : "ids:CommandMessage"
  ,"ResultMessage" : "ids:ResultMessage"
  ,"RejectionMessage" : "ids:RejectionMessage"
  ,"DescriptionRequestMessage" : "ids:DescriptionRequestMessage"
  ,"DescriptionResponseMessage" : "ids:DescriptionResponseMessage"
  ,"ConnectorNotificationMessage" : "ids:ConnectorNotificationMessage"
  ,"ConnectorAvailableMessage" : "ids:ConnectorAvailableMessage"
  ,"ConnectorUnavailableMessage" : "ids:ConnectorUnavailableMessage"
  ,"ConnectorInactiveMessage" : "ids:ConnectorInactiveMessage"
  ,"ConnectorUpdateMessage" : "ids:ConnectorUpdateMessage"
  ,"ConnectorCertificateGrantedMessage" : "ids:ConnectorCertificateGrantedMessage"
  ,"ConnectorCertificateRevokedMessage" : "ids:ConnectorCertificateRevokedMessage"
  ,"ParticipantNotificationMessage" : "ids:ParticipantNotificationMessage"
  ,"ParticipantAvailableMessage" : "ids:ParticipantAvailableMessage"
  ,"ParticipantUnavailableMessage" : "ids:ParticipantUnavailableMessage"
  ,"ParticipantCertificateGrantedMessage" : "ids:ParticipantCertificateGrantedMessage"
  ,"ParticipantCertificateRevokedMessage" : "ids:ParticipantCertificateRevokedMessage"
  ,"ParticipantUpdateMessage" : "ids:ParticipantUpdateMessage"
  ,"QueryMessage" : "ids:QueryMessage"
  ,"ContractRequestMessage" : "ids:ContractRequestMessage"
  ,"ContractResponseMessage" : "ids:ContractResponseMessage"
  ,"ContractOfferMessage" : "ids:ContractOfferMessage"
  ,"ContractAgreementMessage" : "ids:ContractAgreementMessage"
  ,"ContractRejectionMessage" : "ids:ContractRejectionMessage"
  ,"ContractSupplementMessage" : "ids:ContractSupplementMessage"
  ,"AccessTokenRequestMessage" : "ids:AccessTokenRequestMessage"
  ,"AccessTokenResponseMessage" : "ids:AccessTokenResponseMessage"
  ,"ResourceNotificationMessage" : "ids:ResourceNotificationMessage"
  ,"ResourceAvailableMessage" : "ids:ResourceAvailableMessage"
  ,"ResourceUpdateMessage" : "ids:ResourceUpdateMessage"
  ,"ResourceUnavailableMessage" : "ids:ResourceUnavailableMessage"
  ,"InvokeOperationMessage" : "ids:InvokeOperationMessage"
  ,"RequestInProcessMessage" : "ids:RequestInProcessMessage"
  ,"MessageProcessedNotificationMessage" : "ids:MessageProcessedNotificationMessage"
  ,"OperationResultMessage" : "ids:OperationResultMessage"
  ,"ArtifactRequestMessage" : "ids:ArtifactRequestMessage"
  ,"ArtifactResponseMessage" : "ids:ArtifactResponseMessage"
  ,"ParticipantRequestMessage" : "ids:ParticipantRequestMessage"
  ,"ParticipantResponseMessage" : "ids:ParticipantResponseMessage"
  ,"LogMessage" : "ids:LogMessage"
  ,"CommandOperation" : "ids:CommandOperation"
  ,"QueryOperation" : "ids:QueryOperation"
  ,"SortingOperation" : "ids:SortingOperation"
  ,"ListOperation" : "ids:ListOperation"
  ,"ClientPaginatingOperation" : "ids:ClientPaginatingOperation"
  ,"ServerAbsolutePaginatingOperation" : "ids:ServerAbsolutePaginatingOperation"
  ,"ServerRelativePaginatingOperation" : "ids:ServerRelativePaginatingOperation"
  ,"ListParameterValuesOperation" : "ids:ListParameterValuesOperation"
  ,"ListIdentifiersOperation" : "ids:ListIdentifiersOperation"
  ,"ListContentOperation" : "ids:ListContentOperation"
  ,"FilterContentOperation" : "ids:FilterContentOperation"
  ,"SelectContentOperation" : "ids:SelectContentOperation"
  ,"ProvideContentOperation" : "ids:ProvideContentOperation"
  ,"ConsumeContentOperation" : "ids:ConsumeContentOperation"
  ,"ProcessContentOperation" : "ids:ProcessContentOperation"
  ,"IdentifierParameter" : "ids:IdentifierParameter"
  ,"IndexParameter" : "ids:IndexParameter"
  ,"ResourceParameter" : "ids:ResourceParameter"
  ,"SortOrderParameter" : "ids:SortOrderParameter"
  ,"SortKeyParameter" : "ids:SortKeyParameter"
  ,"OffsetParameter" : "ids:OffsetParameter"
  ,"LimitParameter" : "ids:LimitParameter"
  ,"PageIndexParameter" : "ids:PageIndexParameter"
  ,"FilterParameter" : "ids:FilterParameter"
  ,"SelectorParameter" : "ids:SelectorParameter"
  ,"DataRepresentation" : "ids:DataRepresentation"
  ,"TextRepresentation" : "ids:TextRepresentation"
  ,"AudioRepresentation" : "ids:AudioRepresentation"
  ,"ImageRepresentation" : "ids:ImageRepresentation"
  ,"VideoRepresentation" : "ids:VideoRepresentation"
  ,"SoftwareRepresentation" : "ids:SoftwareRepresentation"
  ,"ContainerRepresentation" : "ids:ContainerRepresentation"
  ,"CollectionRepresentation" : "ids:CollectionRepresentation"
  ,"DataResource" : "ids:DataResource"
  ,"AudioResource" : "ids:AudioResource"
  ,"ImageResource" : "ids:ImageResource"
  ,"VideoResource" : "ids:VideoResource"
  ,"SoftwareResource" : "ids:SoftwareResource"
  ,"SchemaResource" : "ids:SchemaResource"
  ,"SimpleResource" : "ids:SimpleResource"
  ,"CompositeResource" : "ids:CompositeResource"
  ,"CollectionResource" : "ids:CollectionResource"  ,"path" : "ids:path"
  ,"inboundPath" : "ids:inboundPath"
  ,"outboundPath" : "ids:outboundPath"
  ,"accessUrl" : "ids:accessUrl"
  ,"pathPrefix" : "ids:pathPrefix"
  ,"modelVersion" : "ids:modelVersion"
  ,"issued" : "ids:issued"
  ,"issuerConnector" : "ids:issuerConnector"
  ,"senderAgent" : "ids:senderAgent"
  ,"recipientAgent" : "ids:recipientAgent"
  ,"contentVersion" : "ids:contentVersion"
  ,"byteSize" : "ids:byteSize"
  ,"fileName" : "ids:fileName"
  ,"creationDate" : "ids:creationDate"
  ,"checkSum" : "ids:checkSum"
  ,"duration" : "ids:duration"
  ,"keyword" : "ids:keyword"
  ,"accrualPeriodicity" : "ids:accrualPeriodicity"
  ,"filenameExtension" : "ids:filenameExtension"
  ,"customLicense" : "ids:customLicense"
  ,"property" : "ids:property"
  ,"vocabulary" : "ids:vocabulary"
  ,"latitude" : "ids:latitude"
  ,"longitude" : "ids:longitude"
  ,"hasDuration" : "ids:hasDuration"
  ,"dateTime" : "ids:dateTime"
  ,"contractStart" : "ids:contractStart"
  ,"contractEnd" : "ids:contractEnd"
  ,"contractDate" : "ids:contractDate"
  ,"rightOperand" : "ids:rightOperand"
  ,"lastValidDate" : "ids:lastValidDate"
  ,"transportCertsSha256" : "ids:transportCertsSha256"
  ,"inboundModelVersion" : "ids:inboundModelVersion"
  ,"outboundModelVersion" : "ids:outboundModelVersion"
  ,"keyValue" : "ids:keyValue"
  ,"corporateEmailAddress" : "ids:corporateEmailAddress"
  ,"phoneNumber" : "ids:phoneNumber"
  ,"emailAddress" : "ids:emailAddress"
  ,"corporateHomepage" : "ids:corporateHomepage"
  ,"familyName" : "ids:familyName"
  ,"givenName" : "ids:givenName"
  ,"homepage" : "ids:homepage"
  ,"siteAddress" : "ids:siteAddress"
  ,"tokenValue" : "ids:tokenValue"
  ,"referringConnector" : "ids:referringConnector"
  ,"aud" : "ids:aud"
  ,"iss" : "ids:iss"
  ,"sub" : "ids:sub"
  ,"nbf" : "ids:nbf"
  ,"exp" : "ids:exp"
  ,"iat" : "ids:iat"
  ,"title" : "ids:title"
  ,"description" : "ids:description"
  ,"shapesGraph" : "ids:shapesGraph"
  ,"name" : "ids:name"
  ,"startedAt" : "ids:startedAt"
  ,"activityDescription" : "ids:activityDescription"
  ,"endedAt" : "ids:endedAt"
  ,"invalidated" : "ids:invalidated"
  ,"version" : "ids:version"
  ,"membershipEnd" : "ids:membershipEnd"
  ,"icon" : "ids:icon"
  ,"requestedElement" : "ids:requestedElement"
  ,"revocationReason" : "ids:revocationReason"
  ,"contractRejectionReason" : "ids:contractRejectionReason"
  ,"operationReference" : "ids:operationReference"
  ,"operationParameterization" : "ids:operationParameterization"
  ,"dataType" : "ids:dataType"
  ,"samplingRate" : "ids:samplingRate"
  ,"width" : "ids:width"
  ,"height" : "ids:height"
  ,"frameRate" : "ids:frameRate"
  ,"endpointHost" : "ids:endpointHost"
  ,"endpointArtifact" : "ids:endpointArtifact"
  ,"endpointOperationBinding" : "ids:endpointOperationBinding"
  ,"protocol" : "ids:protocol"
  ,"operation" : "ids:operation"
  ,"recipientConnector" : "ids:recipientConnector"
  ,"securityToken" : "ids:securityToken"
  ,"correlationMessage" : "ids:correlationMessage"
  ,"authorizationToken" : "ids:authorizationToken"
  ,"transferContract" : "ids:transferContract"
  ,"faultPropagationRule" : "ids:faultPropagationRule"
  ,"input" : "ids:input"
  ,"output" : "ids:output"
  ,"fault" : "ids:fault"
  ,"operationType" : "ids:operationType"
  ,"pattern" : "ids:pattern"
  ,"mandatoryInput" : "ids:mandatoryInput"
  ,"inputGroup" : "ids:inputGroup"
  ,"mandatoryInputGroup" : "ids:mandatoryInputGroup"
  ,"mandatoryOutput" : "ids:mandatoryOutput"
  ,"apiDocument" : "ids:apiDocument"
  ,"boundOperation" : "ids:boundOperation"
  ,"parameterContent" : "ids:parameterContent"
  ,"parameter" : "ids:parameter"
  ,"parameterValue" : "ids:parameterValue"
  ,"parameterArtifact" : "ids:parameterArtifact"
  ,"paramGroupingOperator" : "ids:paramGroupingOperator"
  ,"paramGroupMember" : "ids:paramGroupMember"
  ,"artifactParameterization" : "ids:artifactParameterization"
  ,"contentPart" : "ids:contentPart"
  ,"spatialCoverage" : "ids:spatialCoverage"
  ,"temporalCoverage" : "ids:temporalCoverage"
  ,"language" : "ids:language"
  ,"theme" : "ids:theme"
  ,"contentRefinement" : "ids:contentRefinement"
  ,"representation" : "ids:representation"
  ,"contentType" : "ids:contentType"
  ,"defaultRepresentation" : "ids:defaultRepresentation"
  ,"contentStandard" : "ids:contentStandard"
  ,"instance" : "ids:instance"
  ,"mediaType" : "ids:mediaType"
  ,"representationStandard" : "ids:representationStandard"
  ,"resourceEndpoint" : "ids:resourceEndpoint"
  ,"resourcePart" : "ids:resourcePart"
  ,"contractOffer" : "ids:contractOffer"
  ,"sample" : "ids:sample"
  ,"resourceInterface" : "ids:resourceInterface"
  ,"standardLicense" : "ids:standardLicense"
  ,"publisher" : "ids:publisher"
  ,"sovereign" : "ids:sovereign"
  ,"variant" : "ids:variant"
  ,"propertyPartition" : "ids:propertyPartition"
  ,"geoPoint" : "ids:geoPoint"
  ,"begin" : "ids:begin"
  ,"end" : "ids:end"
  ,"actionRefinement" : "ids:actionRefinement"
  ,"permission" : "ids:permission"
  ,"prohibition" : "ids:prohibition"
  ,"obligation" : "ids:obligation"
  ,"provider" : "ids:provider"
  ,"consumer" : "ids:consumer"
  ,"contractDocument" : "ids:contractDocument"
  ,"contractAnnex" : "ids:contractAnnex"
  ,"refersTo" : "ids:refersTo"
  ,"pricingOption" : "ids:pricingOption"
  ,"constraint" : "ids:constraint"
  ,"assigner" : "ids:assigner"
  ,"assignee" : "ids:assignee"
  ,"action" : "ids:action"
  ,"duty" : "ids:duty"
  ,"targetArtifact" : "ids:targetArtifact"
  ,"targetContent" : "ids:targetContent"
  ,"leftOperand" : "ids:leftOperand"
  ,"operator" : "ids:operator"
  ,"rightOperandReference" : "ids:rightOperandReference"
  ,"unit" : "ids:unit"
  ,"includedCertificationLevel" : "ids:includedCertificationLevel"
  ,"certificationLevel" : "ids:certificationLevel"
  ,"evaluationFacility" : "ids:evaluationFacility"
  ,"connector" : "ids:connector"
  ,"request" : "ids:request"
  ,"offer" : "ids:offer"
  ,"host" : "ids:host"
  ,"hasAgents" : "ids:hasAgents"
  ,"defaultHost" : "ids:defaultHost"
  ,"securityProfile" : "ids:securityProfile"
  ,"extendedGuarantee" : "ids:extendedGuarantee"
  ,"authInfo" : "ids:authInfo"
  ,"catalog" : "ids:catalog"
  ,"maintainer" : "ids:maintainer"
  ,"curator" : "ids:curator"
  ,"physicalLocation" : "ids:physicalLocation"
  ,"componentCertification" : "ids:componentCertification"
  ,"publicKey" : "ids:publicKey"
  ,"keyType" : "ids:keyType"
  ,"memberPerson" : "ids:memberPerson"
  ,"memberParticipant" : "ids:memberParticipant"
  ,"industrialClassification" : "ids:industrialClassification"
  ,"primarySite" : "ids:primarySite"
  ,"participantCertification" : "ids:participantCertification"
  ,"authService" : "ids:authService"
  ,"authStandard" : "ids:authStandard"
  ,"securityGuarantee" : "ids:securityGuarantee"
  ,"tokenFormat" : "ids:tokenFormat"
  ,"domainVocabulary" : "ids:domainVocabulary"
  ,"startedBy" : "ids:startedBy"
  ,"endedBy" : "ids:endedBy"
  ,"lifecycleActivity" : "ids:lifecycleActivity"
  ,"sortOrder" : "ids:sortOrder"
  ,"softwareInterface" : "ids:softwareInterface"
  ,"rejectionReason" : "ids:rejectionReason"
  ,"affectedConnector" : "ids:affectedConnector"
  ,"affectedParticipant" : "ids:affectedParticipant"
  ,"queryLanguage" : "ids:queryLanguage"
  ,"queryScope" : "ids:queryScope"
  ,"recipientScope" : "ids:recipientScope"
  ,"agreedContract" : "ids:agreedContract"
  ,"affectedResource" : "ids:affectedResource"
  ,"requestedArtifact" : "ids:requestedArtifact"
  ,"requestedParticipant" : "ids:requestedParticipant"
  ,"dataTypeSchema" : "ids:dataTypeSchema"  ,"AA" : "idsc:AA "
  ,"AB" : "idsc:AB "
  ,"ACCOMMODATION" : "idsc:ACCOMMODATION "
  ,"ACCOUNTING_BOOKKEEPING_AND_AUDITING_ACTIVITIES_TAX_CONSULTANCY" : "idsc:ACCOUNTING_BOOKKEEPING_AND_AUDITING_ACTIVITIES_TAX_CONSULTANCY "
  ,"ACTIVE_ONLY" : "idsc:ACTIVE_ONLY "
  ,"ACTIVITIES_AUXILIARY_TO_FINANCIAL_SERVICE_ACTIVITIES_EXCEPT_INSURANCE_AND_PENSION_FUNDING" : "idsc:ACTIVITIES_AUXILIARY_TO_FINANCIAL_SERVICE_ACTIVITIES_EXCEPT_INSURANCE_AND_PENSION_FUNDING "
  ,"ACTIVITIES_AUXILIARY_TO_FINANCIAL_SERVICE_AND_INSURANCE_ACTIVITIES" : "idsc:ACTIVITIES_AUXILIARY_TO_FINANCIAL_SERVICE_AND_INSURANCE_ACTIVITIES "
  ,"ACTIVITIES_AUXILIARY_TO_INSURANCE_AND_PENSION_FUNDING" : "idsc:ACTIVITIES_AUXILIARY_TO_INSURANCE_AND_PENSION_FUNDING "
  ,"ACTIVITIES_OF_AMUSEMENT_PARKS_AND_THEME_PARKS" : "idsc:ACTIVITIES_OF_AMUSEMENT_PARKS_AND_THEME_PARKS "
  ,"ACTIVITIES_OF_BUSINESS_AND_EMPLOYERS_MEMBERSHIP_ORGANIZATIONS" : "idsc:ACTIVITIES_OF_BUSINESS_AND_EMPLOYERS_MEMBERSHIP_ORGANIZATIONS "
  ,"ACTIVITIES_OF_BUSINESS_EMPLOYERS_AND_PROFESSIONAL_MEMBERSHIP_ORGANIZATIONS" : "idsc:ACTIVITIES_OF_BUSINESS_EMPLOYERS_AND_PROFESSIONAL_MEMBERSHIP_ORGANIZATIONS "
  ,"ACTIVITIES_OF_CALL_CENTRES" : "idsc:ACTIVITIES_OF_CALL_CENTRES "
  ,"ACTIVITIES_OF_COLLECTION_AGENCIES_AND_CREDIT_BUREAUS" : "idsc:ACTIVITIES_OF_COLLECTION_AGENCIES_AND_CREDIT_BUREAUS "
  ,"ACTIVITIES_OF_EMPLOYMENT_PLACEMENT_AGENCIES" : "idsc:ACTIVITIES_OF_EMPLOYMENT_PLACEMENT_AGENCIES "
  ,"ACTIVITIES_OF_EXTRATERRITORIAL_ORGANIZATIONS_AND_BODIES" : "idsc:ACTIVITIES_OF_EXTRATERRITORIAL_ORGANIZATIONS_AND_BODIES "
  ,"ACTIVITIES_OF_HEAD_OFFICES" : "idsc:ACTIVITIES_OF_HEAD_OFFICES "
  ,"ACTIVITIES_OF_HEAD_OFFICES_MANAGEMENT_CONSULTANCY_ACTIVITIES" : "idsc:ACTIVITIES_OF_HEAD_OFFICES_MANAGEMENT_CONSULTANCY_ACTIVITIES "
  ,"ACTIVITIES_OF_HOLDING_COMPANIES" : "idsc:ACTIVITIES_OF_HOLDING_COMPANIES "
  ,"ACTIVITIES_OF_HOUSEHOLDS_AS_EMPLOYERS_OF_DOMESTIC_PERSONNEL" : "idsc:ACTIVITIES_OF_HOUSEHOLDS_AS_EMPLOYERS_OF_DOMESTIC_PERSONNEL "
  ,"ACTIVITIES_OF_INSURANCE_AGENTS_AND_BROKERS" : "idsc:ACTIVITIES_OF_INSURANCE_AGENTS_AND_BROKERS "
  ,"ACTIVITIES_OF_MEMBERSHIP_ORGANIZATIONS" : "idsc:ACTIVITIES_OF_MEMBERSHIP_ORGANIZATIONS "
  ,"ACTIVITIES_OF_OTHER_MEMBERSHIP_ORGANIZATIONS" : "idsc:ACTIVITIES_OF_OTHER_MEMBERSHIP_ORGANIZATIONS "
  ,"ACTIVITIES_OF_OTHER_MEMBERSHIP_ORGANIZATIONS_NEC" : "idsc:ACTIVITIES_OF_OTHER_MEMBERSHIP_ORGANIZATIONS_NEC "
  ,"ACTIVITIES_OF_POLITICAL_ORGANIZATIONS" : "idsc:ACTIVITIES_OF_POLITICAL_ORGANIZATIONS "
  ,"ACTIVITIES_OF_PROFESSIONAL_MEMBERSHIP_ORGANIZATIONS" : "idsc:ACTIVITIES_OF_PROFESSIONAL_MEMBERSHIP_ORGANIZATIONS "
  ,"ACTIVITIES_OF_RELIGIOUS_ORGANIZATIONS" : "idsc:ACTIVITIES_OF_RELIGIOUS_ORGANIZATIONS "
  ,"ACTIVITIES_OF_SPORTS_CLUBS" : "idsc:ACTIVITIES_OF_SPORTS_CLUBS "
  ,"ACTIVITIES_OF_TRADE_UNIONS" : "idsc:ACTIVITIES_OF_TRADE_UNIONS "
  ,"ADMINISTRATION_OF_FINANCIAL_MARKETS" : "idsc:ADMINISTRATION_OF_FINANCIAL_MARKETS "
  ,"ADMINISTRATION_OF_THE_STATE_AND_THE_ECONOMIC_AND_SOCIAL_POLICY_OF_THE_COMMUNITY" : "idsc:ADMINISTRATION_OF_THE_STATE_AND_THE_ECONOMIC_AND_SOCIAL_POLICY_OF_THE_COMMUNITY "
  ,"ADVERTISING" : "idsc:ADVERTISING "
  ,"ADVERTISING_AND_MARKET_RESEARCH" : "idsc:ADVERTISING_AND_MARKET_RESEARCH "
  ,"AE" : "idsc:AE "
  ,"AF" : "idsc:AF "
  ,"AFTER" : "idsc:AFTER "
  ,"AGRICULTURE_FORESTRY_AND_FISHING" : "idsc:AGRICULTURE_FORESTRY_AND_FISHING "
  ,"AIR_TRANSPORT" : "idsc:AIR_TRANSPORT "
  ,"AK" : "idsc:AK "
  ,"ALL" : "idsc:ALL "
  ,"AM" : "idsc:AM "
  ,"AN" : "idsc:AN "
  ,"ANIMAL_PRODUCTION" : "idsc:ANIMAL_PRODUCTION "
  ,"ANONYMIZE" : "idsc:ANONYMIZE "
  ,"ANY" : "idsc:ANY "
  ,"APPLICATION_DATAAPP" : "idsc:APPLICATION_DATAAPP "
  ,"APPLICATION_FLATPAK" : "idsc:APPLICATION_FLATPAK "
  ,"APPLICATION_GRAPHQL_JSON" : "idsc:APPLICATION_GRAPHQL_JSON "
  ,"APPLICATION_JSON" : "idsc:APPLICATION_JSON "
  ,"APPLICATION_MSWORD" : "idsc:APPLICATION_MSWORD "
  ,"APPLICATION_OPENAPI_JSON" : "idsc:APPLICATION_OPENAPI_JSON "
  ,"APPLICATION_OPENAPI_YAML" : "idsc:APPLICATION_OPENAPI_YAML "
  ,"APPLICATION_PDF" : "idsc:APPLICATION_PDF "
  ,"APPLICATION_RELAXNG_XML" : "idsc:APPLICATION_RELAXNG_XML "
  ,"APPLICATION_SCHEMATRON_XML" : "idsc:APPLICATION_SCHEMATRON_XML "
  ,"APPLICATION_SCHEMA_JSON" : "idsc:APPLICATION_SCHEMA_JSON "
  ,"APPLICATION_SCHEMA_XML" : "idsc:APPLICATION_SCHEMA_XML "
  ,"APPLICATION_TAR_GZIP" : "idsc:APPLICATION_TAR_GZIP "
  ,"APPLICATION_ZIP" : "idsc:APPLICATION_ZIP "
  ,"APPSTORE" : "idsc:APPSTORE "
  ,"APP_RESOURCES_LOCAL_ENFORCEMENT" : "idsc:APP_RESOURCES_LOCAL_ENFORCEMENT "
  ,"APP_RESOURCES_NONE" : "idsc:APP_RESOURCES_NONE "
  ,"APP_RESOURCES_REMOTE_VERIFICATION" : "idsc:APP_RESOURCES_REMOTE_VERIFICATION "
  ,"AQUACULTURE" : "idsc:AQUACULTURE "
  ,"AR" : "idsc:AR "
  ,"ARCHITECTURAL_AND_ENGINEERING_ACTIVITIES_AND_RELATED_TECHNICAL_CONSULTANCY" : "idsc:ARCHITECTURAL_AND_ENGINEERING_ACTIVITIES_AND_RELATED_TECHNICAL_CONSULTANCY "
  ,"ARCHITECTURAL_AND_ENGINEERING_ACTIVITIES_TECHNICAL_TESTING_AND_ANALYSIS" : "idsc:ARCHITECTURAL_AND_ENGINEERING_ACTIVITIES_TECHNICAL_TESTING_AND_ANALYSIS "
  ,"AS" : "idsc:AS "
  ,"ASCENDING" : "idsc:ASCENDING "
  ,"ATTRIBUTE" : "idsc:ATTRIBUTE "
  ,"AUDIT_LOCAL_LOGGING" : "idsc:AUDIT_LOCAL_LOGGING "
  ,"AUDIT_NONE" : "idsc:AUDIT_NONE "
  ,"AUDIT_REMOTE_TRACING" : "idsc:AUDIT_REMOTE_TRACING "
  ,"AUTHENTICATION_MUTUAL" : "idsc:AUTHENTICATION_MUTUAL "
  ,"AUTHENTICATION_NONE" : "idsc:AUTHENTICATION_NONE "
  ,"AUTHENTICATION_SERVER_SIDE" : "idsc:AUTHENTICATION_SERVER_SIDE "
  ,"AV" : "idsc:AV "
  ,"AY" : "idsc:AY "
  ,"AZ" : "idsc:AZ "
  ,"AccessAgreementToSecureConsumerTemplate" : "idsc:AccessAgreementToSecureConsumerTemplate "
  ,"AccessOfferToSecureConsumerTemplate" : "idsc:AccessOfferToSecureConsumerTemplate "
  ,"AccessRequestToSecureConsumerTemplate" : "idsc:AccessRequestToSecureConsumerTemplate "
  ,"AgreementTemplate" : "idsc:AgreementTemplate "
  ,"BA" : "idsc:BA "
  ,"BAD_PARAMETERS" : "idsc:BAD_PARAMETERS "
  ,"BASE_SECURITY_PROFILE" : "idsc:BASE_SECURITY_PROFILE "
  ,"BE" : "idsc:BE "
  ,"BEFORE" : "idsc:BEFORE "
  ,"BEVERAGE_SERVING_ACTIVITIES" : "idsc:BEVERAGE_SERVING_ACTIVITIES "
  ,"BG" : "idsc:BG "
  ,"BH" : "idsc:BH "
  ,"BI" : "idsc:BI "
  ,"BM" : "idsc:BM "
  ,"BMINING_AND_QUARRYING" : "idsc:BMINING_AND_QUARRYING "
  ,"BN" : "idsc:BN "
  ,"BO" : "idsc:BO "
  ,"BOOK_PUBLISHING" : "idsc:BOOK_PUBLISHING "
  ,"BOTANICAL_AND_ZOOLOGICAL_GARDENS_AND_NATURE_RESERVES_ACTIVITIES" : "idsc:BOTANICAL_AND_ZOOLOGICAL_GARDENS_AND_NATURE_RESERVES_ACTIVITIES "
  ,"BR" : "idsc:BR "
  ,"BROKER" : "idsc:BROKER "
  ,"BS" : "idsc:BS "
  ,"BSDLICENSE" : "idsc:BSDLICENSE "
  ,"BUILDING_COMPLETION_AND_FINISHING" : "idsc:BUILDING_COMPLETION_AND_FINISHING "
  ,"BUILDING_OF_PLEASURE_AND_SPORTING_BOATS" : "idsc:BUILDING_OF_PLEASURE_AND_SPORTING_BOATS "
  ,"BUILDING_OF_SHIPS_AND_BOATS" : "idsc:BUILDING_OF_SHIPS_AND_BOATS "
  ,"BUILDING_OF_SHIPS_AND_FLOATING_STRUCTURES" : "idsc:BUILDING_OF_SHIPS_AND_FLOATING_STRUCTURES "
  ,"BUSINESS_SUPPORT_SERVICE_ACTIVITIES_NEC" : "idsc:BUSINESS_SUPPORT_SERVICE_ACTIVITIES_NEC "
  ,"CA" : "idsc:CA "
  ,"CAMPING_GROUNDS_RECREATIONAL_VEHICLE_PARKS_AND_TRAILER_PARKS" : "idsc:CAMPING_GROUNDS_RECREATIONAL_VEHICLE_PARKS_AND_TRAILER_PARKS "
  ,"CARGO_HANDLING" : "idsc:CARGO_HANDLING "
  ,"CASTING_OF_IRON_AND_STEEL" : "idsc:CASTING_OF_IRON_AND_STEEL "
  ,"CASTING_OF_METALS" : "idsc:CASTING_OF_METALS "
  ,"CASTING_OF_NON_FERROUS_METALS" : "idsc:CASTING_OF_NON_FERROUS_METALS "
  ,"CE" : "idsc:CE "
  ,"CENTRAL_BANKING" : "idsc:CENTRAL_BANKING "
  ,"CH" : "idsc:CH "
  ,"CIVIL_ENGINEERING" : "idsc:CIVIL_ENGINEERING "
  ,"CLEANING_ACTIVITIES" : "idsc:CLEANING_ACTIVITIES "
  ,"CLEARING_HOUSE" : "idsc:CLEARING_HOUSE "
  ,"CMANUFACTURING" : "idsc:CMANUFACTURING "
  ,"CO" : "idsc:CO "
  ,"COLLECTION_OF_HAZARDOUS_WASTE" : "idsc:COLLECTION_OF_HAZARDOUS_WASTE "
  ,"COLLECTION_OF_NON_HAZARDOUS_WASTE" : "idsc:COLLECTION_OF_NON_HAZARDOUS_WASTE "
  ,"COMBINED_FACILITIES_SUPPORT_ACTIVITIES" : "idsc:COMBINED_FACILITIES_SUPPORT_ACTIVITIES "
  ,"COMBINED_OFFICE_ADMINISTRATIVE_SERVICE_ACTIVITIES" : "idsc:COMBINED_OFFICE_ADMINISTRATIVE_SERVICE_ACTIVITIES "
  ,"COMPENSATE" : "idsc:COMPENSATE "
  ,"COMPONENT_BASE_SECURITY_PROFILE_CHECKLIST_APPROACH" : "idsc:COMPONENT_BASE_SECURITY_PROFILE_CHECKLIST_APPROACH "
  ,"COMPONENT_BASE_SECURITY_PROFILE_CONCEPT_REVIEW" : "idsc:COMPONENT_BASE_SECURITY_PROFILE_CONCEPT_REVIEW "
  ,"COMPONENT_TRUSTPLUS_SECURITY_PROFILE_CONCEPT_REVIEW" : "idsc:COMPONENT_TRUSTPLUS_SECURITY_PROFILE_CONCEPT_REVIEW "
  ,"COMPONENT_TRUSTPLUS_SECURITY_PROFILE_HIGH_ASSURANCE_EVALUATION" : "idsc:COMPONENT_TRUSTPLUS_SECURITY_PROFILE_HIGH_ASSURANCE_EVALUATION "
  ,"COMPONENT_TRUST_SECURITY_PROFILE_CONCEPT_REVIEW" : "idsc:COMPONENT_TRUST_SECURITY_PROFILE_CONCEPT_REVIEW "
  ,"COMPONENT_TRUST_SECURITY_PROFILE_HIGH_ASSURANCE_EVALUATION" : "idsc:COMPONENT_TRUST_SECURITY_PROFILE_HIGH_ASSURANCE_EVALUATION "
  ,"COMPULSORY_SOCIAL_SECURITY_ACTIVITIES" : "idsc:COMPULSORY_SOCIAL_SECURITY_ACTIVITIES "
  ,"COMPUTER_CONSULTANCY_AND_COMPUTER_FACILITIES_MANAGEMENT_ACTIVITIES" : "idsc:COMPUTER_CONSULTANCY_AND_COMPUTER_FACILITIES_MANAGEMENT_ACTIVITIES "
  ,"COMPUTER_PROGRAMMING_ACTIVITIES" : "idsc:COMPUTER_PROGRAMMING_ACTIVITIES "
  ,"COMPUTER_PROGRAMMING_CONSULTANCY_AND_RELATED_ACTIVITIES" : "idsc:COMPUTER_PROGRAMMING_CONSULTANCY_AND_RELATED_ACTIVITIES "
  ,"CONSTRUCTION_OF_BUILDINGS" : "idsc:CONSTRUCTION_OF_BUILDINGS "
  ,"CONSTRUCTION_OF_OTHER_CIVIL_ENGINEERING_PROJECTS" : "idsc:CONSTRUCTION_OF_OTHER_CIVIL_ENGINEERING_PROJECTS "
  ,"CONSTRUCTION_OF_ROADS_AND_RAILWAYS" : "idsc:CONSTRUCTION_OF_ROADS_AND_RAILWAYS "
  ,"CONSTRUCTION_OF_UTILITY_PROJECTS" : "idsc:CONSTRUCTION_OF_UTILITY_PROJECTS "
  ,"CONTAINS" : "idsc:CONTAINS "
  ,"COUNT" : "idsc:COUNT "
  ,"COURIER_ACTIVITIES" : "idsc:COURIER_ACTIVITIES "
  ,"COVERED_BY" : "idsc:COVERED_BY "
  ,"COVERS" : "idsc:COVERS "
  ,"CR" : "idsc:CR "
  ,"CREATIVECOMMONSATTRIBUTION" : "idsc:CREATIVECOMMONSATTRIBUTION "
  ,"CREATIVECOMMONSATTRIBUTION30" : "idsc:CREATIVECOMMONSATTRIBUTION30 "
  ,"CREATIVECOMMONSATTRIBUTION40" : "idsc:CREATIVECOMMONSATTRIBUTION40 "
  ,"CREATIVECOMMONSATTRIBUTIONNODERIVS" : "idsc:CREATIVECOMMONSATTRIBUTIONNODERIVS "
  ,"CREATIVECOMMONSATTRIBUTIONNODERIVSINTERNATIONAL40" : "idsc:CREATIVECOMMONSATTRIBUTIONNODERIVSINTERNATIONAL40 "
  ,"CREATIVECOMMONSATTRIBUTIONNONCOMMERCIAL" : "idsc:CREATIVECOMMONSATTRIBUTIONNONCOMMERCIAL "
  ,"CREATIVECOMMONSATTRIBUTIONNONCOMMERCIAL30" : "idsc:CREATIVECOMMONSATTRIBUTIONNONCOMMERCIAL30 "
  ,"CREATIVECOMMONSATTRIBUTIONNONCOMMERCIAL40" : "idsc:CREATIVECOMMONSATTRIBUTIONNONCOMMERCIAL40 "
  ,"CREATIVECOMMONSATTRIBUTIONNONCOMMERCIALNODERIVS" : "idsc:CREATIVECOMMONSATTRIBUTIONNONCOMMERCIALNODERIVS "
  ,"CREATIVECOMMONSATTRIBUTIONNO_DERIVS30" : "idsc:CREATIVECOMMONSATTRIBUTIONNO_DERIVS30 "
  ,"CREATIVECOMMONSATTRIBUTIONSHAREALIKE" : "idsc:CREATIVECOMMONSATTRIBUTIONSHAREALIKE "
  ,"CREATIVECOMMONSATTRIBUTIONSHAREALIKE40" : "idsc:CREATIVECOMMONSATTRIBUTIONSHAREALIKE40 "
  ,"CREATIVECOMMONSCC0" : "idsc:CREATIVECOMMONSCC0 "
  ,"CREATIVE_ARTS_AND_ENTERTAINMENT_ACTIVITIES" : "idsc:CREATIVE_ARTS_AND_ENTERTAINMENT_ACTIVITIES "
  ,"CROP_AND_ANIMAL_PRODUCTION_HUNTING_AND_RELATED_SERVICE_ACTIVITIES" : "idsc:CROP_AND_ANIMAL_PRODUCTION_HUNTING_AND_RELATED_SERVICE_ACTIVITIES "
  ,"CS" : "idsc:CS "
  ,"CU" : "idsc:CU "
  ,"CULTURAL_EDUCATION" : "idsc:CULTURAL_EDUCATION "
  ,"CUTTING_SHAPING_AND_FINISHING_OF_STONE" : "idsc:CUTTING_SHAPING_AND_FINISHING_OF_STONE "
  ,"CV" : "idsc:CV "
  ,"CY" : "idsc:CY "
  ,"DA" : "idsc:DA "
  ,"DATALICENSEGERMANYATTRIBUTION10" : "idsc:DATALICENSEGERMANYATTRIBUTION10 "
  ,"DATALICENSEGERMANYATTRIBUTION20" : "idsc:DATALICENSEGERMANYATTRIBUTION20 "
  ,"DATALICENSEGERMANYATTRIBUTIONNONCOMMERCIAL10" : "idsc:DATALICENSEGERMANYATTRIBUTIONNONCOMMERCIAL10 "
  ,"DATA_PROCESSING_HOSTING_AND_RELATED_ACTIVITIES" : "idsc:DATA_PROCESSING_HOSTING_AND_RELATED_ACTIVITIES "
  ,"DATA_PROCESSING_HOSTING_AND_RELATED_ACTIVITIES_WEB_PORTALS" : "idsc:DATA_PROCESSING_HOSTING_AND_RELATED_ACTIVITIES_WEB_PORTALS "
  ,"DE" : "idsc:DE "
  ,"DEFENCE_ACTIVITIES" : "idsc:DEFENCE_ACTIVITIES "
  ,"DEFINES_AS" : "idsc:DEFINES_AS "
  ,"DELAY" : "idsc:DELAY "
  ,"DELECTRICITY_GAS_STEAM_AND_AIR_CONDITIONING_SUPPLY" : "idsc:DELECTRICITY_GAS_STEAM_AND_AIR_CONDITIONING_SUPPLY "
  ,"DELETE" : "idsc:DELETE "
  ,"DEMOLITION" : "idsc:DEMOLITION "
  ,"DEMOLITION_AND_SITE_PREPARATION" : "idsc:DEMOLITION_AND_SITE_PREPARATION "
  ,"DESCENDING" : "idsc:DESCENDING "
  ,"DISJOINT" : "idsc:DISJOINT "
  ,"DISTILLING_RECTIFYING_AND_BLENDING_OF_SPIRITS" : "idsc:DISTILLING_RECTIFYING_AND_BLENDING_OF_SPIRITS "
  ,"DISTRIBUTE" : "idsc:DISTRIBUTE "
  ,"DSA" : "idsc:DSA "
  ,"DURATION_EQ" : "idsc:DURATION_EQ "
  ,"DURING" : "idsc:DURING "
  ,"DV" : "idsc:DV "
  ,"DZ" : "idsc:DZ "
  ,"ECDSA" : "idsc:ECDSA "
  ,"ED25519" : "idsc:ED25519 "
  ,"EDUCATION" : "idsc:EDUCATION "
  ,"EDUCATIONAL_SUPPORT_ACTIVITIES" : "idsc:EDUCATIONAL_SUPPORT_ACTIVITIES "
  ,"EE" : "idsc:EE "
  ,"EL" : "idsc:EL "
  ,"ELECTRICAL_INSTALLATION" : "idsc:ELECTRICAL_INSTALLATION "
  ,"ELECTRICAL_PLUMBING_AND_OTHER_CONSTRUCTION_INSTALLATION_ACTIVITIES" : "idsc:ELECTRICAL_PLUMBING_AND_OTHER_CONSTRUCTION_INSTALLATION_ACTIVITIES "
  ,"ELECTRICITY_GAS_STEAM_AND_AIR_CONDITIONING_SUPPLY" : "idsc:ELECTRICITY_GAS_STEAM_AND_AIR_CONDITIONING_SUPPLY "
  ,"ELECTRIC_POWER_GENERATION_TRANSMISSION_AND_DISTRIBUTION" : "idsc:ELECTRIC_POWER_GENERATION_TRANSMISSION_AND_DISTRIBUTION "
  ,"EMPLOYMENT_ACTIVITIES" : "idsc:EMPLOYMENT_ACTIVITIES "
  ,"EN" : "idsc:EN "
  ,"ENDPOINT" : "idsc:ENDPOINT "
  ,"EO" : "idsc:EO "
  ,"EQ" : "idsc:EQ "
  ,"EQUALS" : "idsc:EQUALS "
  ,"ES" : "idsc:ES "
  ,"ET" : "idsc:ET "
  ,"EU" : "idsc:EU "
  ,"EVENT_CATERING" : "idsc:EVENT_CATERING "
  ,"EVENT_CATERING_AND_OTHER_FOOD_SERVICE_ACTIVITIES" : "idsc:EVENT_CATERING_AND_OTHER_FOOD_SERVICE_ACTIVITIES "
  ,"EWATER_SUPPLY_SEWERAGE_WASTE_MANAGEMENT_AND_REMEDIATION_ACTIVITIES" : "idsc:EWATER_SUPPLY_SEWERAGE_WASTE_MANAGEMENT_AND_REMEDIATION_ACTIVITIES "
  ,"EXTRACTION_OF_CRUDE_PETROLEUM" : "idsc:EXTRACTION_OF_CRUDE_PETROLEUM "
  ,"EXTRACTION_OF_CRUDE_PETROLEUM_AND_NATURAL_GAS" : "idsc:EXTRACTION_OF_CRUDE_PETROLEUM_AND_NATURAL_GAS "
  ,"EXTRACTION_OF_NATURAL_GAS" : "idsc:EXTRACTION_OF_NATURAL_GAS "
  ,"EXTRACTION_OF_PEAT" : "idsc:EXTRACTION_OF_PEAT "
  ,"EXTRACTION_OF_SALT" : "idsc:EXTRACTION_OF_SALT "
  ,"FA" : "idsc:FA "
  ,"FAULT_REPLACES_MESSAGE" : "idsc:FAULT_REPLACES_MESSAGE "
  ,"FCONSTRUCTION" : "idsc:FCONSTRUCTION "
  ,"FF" : "idsc:FF "
  ,"FI" : "idsc:FI "
  ,"FINANCIAL_LEASING" : "idsc:FINANCIAL_LEASING "
  ,"FINANCIAL_SERVICE_ACTIVITIES_EXCEPT_INSURANCE_AND_PENSION_FUNDING" : "idsc:FINANCIAL_SERVICE_ACTIVITIES_EXCEPT_INSURANCE_AND_PENSION_FUNDING "
  ,"FINISHED_BY" : "idsc:FINISHED_BY "
  ,"FINISHES" : "idsc:FINISHES "
  ,"FINISHING_OF_TEXTILES" : "idsc:FINISHING_OF_TEXTILES "
  ,"FIRST" : "idsc:FIRST "
  ,"FISHING" : "idsc:FISHING "
  ,"FISHING_AND_AQUACULTURE" : "idsc:FISHING_AND_AQUACULTURE "
  ,"FJ" : "idsc:FJ "
  ,"FO" : "idsc:FO "
  ,"FOOD_AND_BEVERAGE_SERVICE_ACTIVITIES" : "idsc:FOOD_AND_BEVERAGE_SERVICE_ACTIVITIES "
  ,"FOREIGN_AFFAIRS" : "idsc:FOREIGN_AFFAIRS "
  ,"FORESTRY_AND_LOGGING" : "idsc:FORESTRY_AND_LOGGING "
  ,"FORGING_PRESSING_STAMPING_AND_ROLL_FORMING_OF_METAL_POWDER_METALLURGY" : "idsc:FORGING_PRESSING_STAMPING_AND_ROLL_FORMING_OF_METAL_POWDER_METALLURGY "
  ,"FR" : "idsc:FR "
  ,"FREESOFTWARELICENSEAPACHENOCOPYLEFT" : "idsc:FREESOFTWARELICENSEAPACHENOCOPYLEFT "
  ,"FREIGHT_AIR_TRANSPORT" : "idsc:FREIGHT_AIR_TRANSPORT "
  ,"FREIGHT_RAIL_TRANSPORT" : "idsc:FREIGHT_RAIL_TRANSPORT "
  ,"FREIGHT_TRANSPORT_BY_ROAD" : "idsc:FREIGHT_TRANSPORT_BY_ROAD "
  ,"FRESHWATER_AQUACULTURE" : "idsc:FRESHWATER_AQUACULTURE "
  ,"FRESHWATER_FISHING" : "idsc:FRESHWATER_FISHING "
  ,"FUND_MANAGEMENT_ACTIVITIES" : "idsc:FUND_MANAGEMENT_ACTIVITIES "
  ,"FUNERAL_AND_RELATED_ACTIVITIES" : "idsc:FUNERAL_AND_RELATED_ACTIVITIES "
  ,"FY" : "idsc:FY "
  ,"GA" : "idsc:GA "
  ,"GAMBLING_AND_BETTING_ACTIVITIES" : "idsc:GAMBLING_AND_BETTING_ACTIVITIES "
  ,"GATHERING_OF_NON_WOOD_FOREST_PRODUCTS" : "idsc:GATHERING_OF_NON_WOOD_FOREST_PRODUCTS "
  ,"GD" : "idsc:GD "
  ,"GENERAL_CLEANING_OF_BUILDINGS" : "idsc:GENERAL_CLEANING_OF_BUILDINGS "
  ,"GENERAL_PUBLIC_ADMINISTRATION_ACTIVITIES" : "idsc:GENERAL_PUBLIC_ADMINISTRATION_ACTIVITIES "
  ,"GENERAL_SECONDARY_EDUCATION" : "idsc:GENERAL_SECONDARY_EDUCATION "
  ,"GL" : "idsc:GL "
  ,"GN" : "idsc:GN "
  ,"GNUFREEDOCUMENTATIONLICENSE" : "idsc:GNUFREEDOCUMENTATIONLICENSE "
  ,"GNUGENERALPUBLICLICENSEV3" : "idsc:GNUGENERALPUBLICLICENSEV3 "
  ,"GRANT_USE" : "idsc:GRANT_USE "
  ,"GREATERTHAN" : "idsc:GREATERTHAN "
  ,"GROWING_OF_BEVERAGE_CROPS" : "idsc:GROWING_OF_BEVERAGE_CROPS "
  ,"GROWING_OF_CEREALS_EXCEPT_RICE_LEGUMINOUS_CROPS_AND_OIL_SEEDS" : "idsc:GROWING_OF_CEREALS_EXCEPT_RICE_LEGUMINOUS_CROPS_AND_OIL_SEEDS "
  ,"GROWING_OF_CITRUS_FRUITS" : "idsc:GROWING_OF_CITRUS_FRUITS "
  ,"GROWING_OF_FIBRE_CROPS" : "idsc:GROWING_OF_FIBRE_CROPS "
  ,"GROWING_OF_GRAPES" : "idsc:GROWING_OF_GRAPES "
  ,"GROWING_OF_NON_PERENNIAL_CROPS" : "idsc:GROWING_OF_NON_PERENNIAL_CROPS "
  ,"GROWING_OF_OLEAGINOUS_FRUITS" : "idsc:GROWING_OF_OLEAGINOUS_FRUITS "
  ,"GROWING_OF_OTHER_NON_PERENNIAL_CROPS" : "idsc:GROWING_OF_OTHER_NON_PERENNIAL_CROPS "
  ,"GROWING_OF_OTHER_PERENNIAL_CROPS" : "idsc:GROWING_OF_OTHER_PERENNIAL_CROPS "
  ,"GROWING_OF_OTHER_TREE_AND_BUSH_FRUITS_AND_NUTS" : "idsc:GROWING_OF_OTHER_TREE_AND_BUSH_FRUITS_AND_NUTS "
  ,"GROWING_OF_PERENNIAL_CROPS" : "idsc:GROWING_OF_PERENNIAL_CROPS "
  ,"GROWING_OF_POME_FRUITS_AND_STONE_FRUITS" : "idsc:GROWING_OF_POME_FRUITS_AND_STONE_FRUITS "
  ,"GROWING_OF_RICE" : "idsc:GROWING_OF_RICE "
  ,"GROWING_OF_SPICES_AROMATIC_DRUG_AND_PHARMACEUTICAL_CROPS" : "idsc:GROWING_OF_SPICES_AROMATIC_DRUG_AND_PHARMACEUTICAL_CROPS "
  ,"GROWING_OF_SUGAR_CANE" : "idsc:GROWING_OF_SUGAR_CANE "
  ,"GROWING_OF_TOBACCO" : "idsc:GROWING_OF_TOBACCO "
  ,"GROWING_OF_TROPICAL_AND_SUBTROPICAL_FRUITS" : "idsc:GROWING_OF_TROPICAL_AND_SUBTROPICAL_FRUITS "
  ,"GROWING_OF_VEGETABLES_AND_MELONS_ROOTS_AND_TUBERS" : "idsc:GROWING_OF_VEGETABLES_AND_MELONS_ROOTS_AND_TUBERS "
  ,"GTEQ" : "idsc:GTEQ "
  ,"GU" : "idsc:GU "
  ,"GV" : "idsc:GV "
  ,"GWHOLESALE_AND_RETAIL_TRADE_REPAIR_OF_MOTOR_VEHICLES_AND_MOTORCYCLES" : "idsc:GWHOLESALE_AND_RETAIL_TRADE_REPAIR_OF_MOTOR_VEHICLES_AND_MOTORCYCLES "
  ,"HA" : "idsc:HA "
  ,"HAIRDRESSING_AND_OTHER_BEAUTY_TREATMENT" : "idsc:HAIRDRESSING_AND_OTHER_BEAUTY_TREATMENT "
  ,"HAS_MEMBERSHIP" : "idsc:HAS_MEMBERSHIP "
  ,"HAS_SITE" : "idsc:HAS_SITE "
  ,"HE" : "idsc:HE "
  ,"HI" : "idsc:HI "
  ,"HIGHER_EDUCATION" : "idsc:HIGHER_EDUCATION "
  ,"HO" : "idsc:HO "
  ,"HOSPITAL_ACTIVITIES" : "idsc:HOSPITAL_ACTIVITIES "
  ,"HR" : "idsc:HR "
  ,"HT" : "idsc:HT "
  ,"HTRANSPORTATION_AND_STORAGE" : "idsc:HTRANSPORTATION_AND_STORAGE "
  ,"HTTP" : "idsc:HTTP "
  ,"HTTP2" : "idsc:HTTP2 "
  ,"HU" : "idsc:HU "
  ,"HUMAN_HEALTH_ACTIVITIES" : "idsc:HUMAN_HEALTH_ACTIVITIES "
  ,"HUNTING_TRAPPING_AND_RELATED_SERVICE_ACTIVITIES" : "idsc:HUNTING_TRAPPING_AND_RELATED_SERVICE_ACTIVITIES "
  ,"HY" : "idsc:HY "
  ,"HZ" : "idsc:HZ "
  ,"IA" : "idsc:IA "
  ,"IACCOMMODATION_AND_FOOD_SERVICE_ACTIVITIES" : "idsc:IACCOMMODATION_AND_FOOD_SERVICE_ACTIVITIES "
  ,"ID" : "idsc:ID "
  ,"IDSCP" : "idsc:IDSCP "
  ,"IE" : "idsc:IE "
  ,"IEC_62676_4_2014" : "idsc:IEC_62676_4_2014 "
  ,"IG" : "idsc:IG "
  ,"II" : "idsc:II "
  ,"IK" : "idsc:IK "
  ,"IMAGE_JPEG" : "idsc:IMAGE_JPEG "
  ,"IMAGE_PNG" : "idsc:IMAGE_PNG "
  ,"IMAGE_TIFF" : "idsc:IMAGE_TIFF "
  ,"IN" : "idsc:IN "
  ,"INACTIVE_ONLY" : "idsc:INACTIVE_ONLY "
  ,"INFORMATION_SERVICE_ACTIVITIES" : "idsc:INFORMATION_SERVICE_ACTIVITIES "
  ,"INLAND_FREIGHT_WATER_TRANSPORT" : "idsc:INLAND_FREIGHT_WATER_TRANSPORT "
  ,"INLAND_PASSENGER_WATER_TRANSPORT" : "idsc:INLAND_PASSENGER_WATER_TRANSPORT "
  ,"INLAND_WATER_TRANSPORT" : "idsc:INLAND_WATER_TRANSPORT "
  ,"INSIDE" : "idsc:INSIDE "
  ,"INSTALLATION_OF_INDUSTRIAL_MACHINERY_AND_EQUIPMENT" : "idsc:INSTALLATION_OF_INDUSTRIAL_MACHINERY_AND_EQUIPMENT "
  ,"INSURANCE" : "idsc:INSURANCE "
  ,"INSURANCE_REINSURANCE_AND_PENSION_FUNDING_EXCEPT_COMPULSORY_SOCIAL_SECURITY" : "idsc:INSURANCE_REINSURANCE_AND_PENSION_FUNDING_EXCEPT_COMPULSORY_SOCIAL_SECURITY "
  ,"INTEGRITY_PROTECTION_LOCAL" : "idsc:INTEGRITY_PROTECTION_LOCAL "
  ,"INTEGRITY_PROTECTION_NONE" : "idsc:INTEGRITY_PROTECTION_NONE "
  ,"INTEGRITY_VERIFICATION_REMOTE" : "idsc:INTEGRITY_VERIFICATION_REMOTE "
  ,"INTEGRITY_VERIFICATION_SCOPE_KERNEL_CORE_CONTAINER" : "idsc:INTEGRITY_VERIFICATION_SCOPE_KERNEL_CORE_CONTAINER "
  ,"INTEGRITY_VERIFICATION_SCOPE_KERNEL_CORE_CONTAINER_APPLICATION" : "idsc:INTEGRITY_VERIFICATION_SCOPE_KERNEL_CORE_CONTAINER_APPLICATION "
  ,"INTEGRITY_VERIFICATION_SCOPE_NONE" : "idsc:INTEGRITY_VERIFICATION_SCOPE_NONE "
  ,"INTERFACE_DEFINITION" : "idsc:INTERFACE_DEFINITION "
  ,"INTERNAL_RECIPIENT_ERROR" : "idsc:INTERNAL_RECIPIENT_ERROR "
  ,"INVESTIGATION_ACTIVITIES" : "idsc:INVESTIGATION_ACTIVITIES "
  ,"IN_ONLY" : "idsc:IN_ONLY "
  ,"IN_OPTIONAL_OUT" : "idsc:IN_OPTIONAL_OUT "
  ,"IN_OUT" : "idsc:IN_OUT "
  ,"IO" : "idsc:IO "
  ,"IS" : "idsc:IS "
  ,"IT" : "idsc:IT "
  ,"IU" : "idsc:IU "
  ,"JA" : "idsc:JA "
  ,"JINFORMATION_AND_COMMUNICATION" : "idsc:JINFORMATION_AND_COMMUNICATION "
  ,"JV" : "idsc:JV "
  ,"JWT" : "idsc:JWT "
  ,"KA" : "idsc:KA "
  ,"KFINANCIAL_AND_INSURANCE_ACTIVITIES" : "idsc:KFINANCIAL_AND_INSURANCE_ACTIVITIES "
  ,"KG" : "idsc:KG "
  ,"KI" : "idsc:KI "
  ,"KJ" : "idsc:KJ "
  ,"KK" : "idsc:KK "
  ,"KL" : "idsc:KL "
  ,"KM" : "idsc:KM "
  ,"KN" : "idsc:KN "
  ,"KO" : "idsc:KO "
  ,"KR" : "idsc:KR "
  ,"KS" : "idsc:KS "
  ,"KU" : "idsc:KU "
  ,"KV" : "idsc:KV "
  ,"KW" : "idsc:KW "
  ,"KY" : "idsc:KY "
  ,"LA" : "idsc:LA "
  ,"LANDSCAPE_CARE_AND_MAINTENANCE_SERVICE_ACTIVITIES" : "idsc:LANDSCAPE_CARE_AND_MAINTENANCE_SERVICE_ACTIVITIES "
  ,"LAND_TRANSPORT_AND_TRANSPORT_VIA_PIPELINES" : "idsc:LAND_TRANSPORT_AND_TRANSPORT_VIA_PIPELINES "
  ,"LAST" : "idsc:LAST "
  ,"LB" : "idsc:LB "
  ,"LEASING_OF_INTELLECTUAL_PROPERTY_AND_SIMILAR_PRODUCTS_EXCEPT_COPYRIGHTED_WORKS" : "idsc:LEASING_OF_INTELLECTUAL_PROPERTY_AND_SIMILAR_PRODUCTS_EXCEPT_COPYRIGHTED_WORKS "
  ,"LEGAL_ACTIVITIES" : "idsc:LEGAL_ACTIVITIES "
  ,"LEGAL_AND_ACCOUNTING_ACTIVITIES" : "idsc:LEGAL_AND_ACCOUNTING_ACTIVITIES "
  ,"LESSTHAN" : "idsc:LESSTHAN "
  ,"LG" : "idsc:LG "
  ,"LI" : "idsc:LI "
  ,"LIBRARIES_ARCHIVES_MUSEUMS_AND_OTHER_CULTURAL_ACTIVITIES" : "idsc:LIBRARIES_ARCHIVES_MUSEUMS_AND_OTHER_CULTURAL_ACTIVITIES "
  ,"LIBRARY_AND_ARCHIVES_ACTIVITIES" : "idsc:LIBRARY_AND_ARCHIVES_ACTIVITIES "
  ,"LIFE_INSURANCE" : "idsc:LIFE_INSURANCE "
  ,"LN" : "idsc:LN "
  ,"LO" : "idsc:LO "
  ,"LOCAL_DATA_CONFIDENTIALITY_FULL_ENCRYPTION" : "idsc:LOCAL_DATA_CONFIDENTIALITY_FULL_ENCRYPTION "
  ,"LOCAL_DATA_CONFIDENTIALITY_NONE" : "idsc:LOCAL_DATA_CONFIDENTIALITY_NONE "
  ,"LOCAL_DATA_CONFIDENTIALITY_SECURE_ERASURE" : "idsc:LOCAL_DATA_CONFIDENTIALITY_SECURE_ERASURE "
  ,"LOGGING" : "idsc:LOGGING "
  ,"LONGER" : "idsc:LONGER "
  ,"LONGER_EQ" : "idsc:LONGER_EQ "
  ,"LREAL_ESTATE_ACTIVITIES" : "idsc:LREAL_ESTATE_ACTIVITIES "
  ,"LT" : "idsc:LT "
  ,"LTEQ" : "idsc:LTEQ "
  ,"LU" : "idsc:LU "
  ,"LV" : "idsc:LV "
  ,"MAINTENANCE_AND_REPAIR_OF_MOTOR_VEHICLES" : "idsc:MAINTENANCE_AND_REPAIR_OF_MOTOR_VEHICLES "
  ,"MALFORMED_MESSAGE" : "idsc:MALFORMED_MESSAGE "
  ,"MANAGEMENT_CONSULTANCY_ACTIVITIES" : "idsc:MANAGEMENT_CONSULTANCY_ACTIVITIES "
  ,"MANUFACTURE_OF_AGRICULTURAL_AND_FORESTRY_MACHINERY" : "idsc:MANUFACTURE_OF_AGRICULTURAL_AND_FORESTRY_MACHINERY "
  ,"MANUFACTURE_OF_AIR_AND_SPACECRAFT_AND_RELATED_MACHINERY" : "idsc:MANUFACTURE_OF_AIR_AND_SPACECRAFT_AND_RELATED_MACHINERY "
  ,"MANUFACTURE_OF_ARTICLES_OF_CONCRETE_CEMENT_AND_PLASTER" : "idsc:MANUFACTURE_OF_ARTICLES_OF_CONCRETE_CEMENT_AND_PLASTER "
  ,"MANUFACTURE_OF_ARTICLES_OF_FUR" : "idsc:MANUFACTURE_OF_ARTICLES_OF_FUR "
  ,"MANUFACTURE_OF_BAKERY_PRODUCTS" : "idsc:MANUFACTURE_OF_BAKERY_PRODUCTS "
  ,"MANUFACTURE_OF_BASIC_CHEMICALS" : "idsc:MANUFACTURE_OF_BASIC_CHEMICALS "
  ,"MANUFACTURE_OF_BASIC_CHEMICALS_FERTILIZERS_AND_NITROGEN_COMPOUNDS_PLASTICS_AND_SYNTHETIC_RUBBER_IN_PRIMARY_FORMS" : "idsc:MANUFACTURE_OF_BASIC_CHEMICALS_FERTILIZERS_AND_NITROGEN_COMPOUNDS_PLASTICS_AND_SYNTHETIC_RUBBER_IN_PRIMARY_FORMS "
  ,"MANUFACTURE_OF_BASIC_IRON_AND_STEEL" : "idsc:MANUFACTURE_OF_BASIC_IRON_AND_STEEL "
  ,"MANUFACTURE_OF_BASIC_METALS" : "idsc:MANUFACTURE_OF_BASIC_METALS "
  ,"MANUFACTURE_OF_BASIC_PHARMACEUTICAL_PRODUCTS_AND_PHARMACEUTICAL_PREPARATIONS" : "idsc:MANUFACTURE_OF_BASIC_PHARMACEUTICAL_PRODUCTS_AND_PHARMACEUTICAL_PREPARATIONS "
  ,"MANUFACTURE_OF_BASIC_PRECIOUS_AND_OTHER_NON_FERROUS_METALS" : "idsc:MANUFACTURE_OF_BASIC_PRECIOUS_AND_OTHER_NON_FERROUS_METALS "
  ,"MANUFACTURE_OF_BATTERIES_AND_ACCUMULATORS" : "idsc:MANUFACTURE_OF_BATTERIES_AND_ACCUMULATORS "
  ,"MANUFACTURE_OF_BEARINGS_GEARS_GEARING_AND_DRIVING_ELEMENTS" : "idsc:MANUFACTURE_OF_BEARINGS_GEARS_GEARING_AND_DRIVING_ELEMENTS "
  ,"MANUFACTURE_OF_BEVERAGES" : "idsc:MANUFACTURE_OF_BEVERAGES "
  ,"MANUFACTURE_OF_BICYCLES_AND_INVALID_CARRIAGES" : "idsc:MANUFACTURE_OF_BICYCLES_AND_INVALID_CARRIAGES "
  ,"MANUFACTURE_OF_BODIES_COACHWORK_FOR_MOTOR_VEHICLES_MANUFACTURE_OF_TRAILERS_AND_SEMI_TRAILERS" : "idsc:MANUFACTURE_OF_BODIES_COACHWORK_FOR_MOTOR_VEHICLES_MANUFACTURE_OF_TRAILERS_AND_SEMI_TRAILERS "
  ,"MANUFACTURE_OF_BUILDERS_CARPENTRY_AND_JOINERY" : "idsc:MANUFACTURE_OF_BUILDERS_CARPENTRY_AND_JOINERY "
  ,"MANUFACTURE_OF_CARPETS_AND_RUGS" : "idsc:MANUFACTURE_OF_CARPETS_AND_RUGS "
  ,"MANUFACTURE_OF_CEMENT_LIME_AND_PLASTER" : "idsc:MANUFACTURE_OF_CEMENT_LIME_AND_PLASTER "
  ,"MANUFACTURE_OF_CHEMICALS_AND_CHEMICAL_PRODUCTS" : "idsc:MANUFACTURE_OF_CHEMICALS_AND_CHEMICAL_PRODUCTS "
  ,"MANUFACTURE_OF_CLAY_BUILDING_MATERIALS" : "idsc:MANUFACTURE_OF_CLAY_BUILDING_MATERIALS "
  ,"MANUFACTURE_OF_COCOA_CHOCOLATE_AND_SUGAR_CONFECTIONERY" : "idsc:MANUFACTURE_OF_COCOA_CHOCOLATE_AND_SUGAR_CONFECTIONERY "
  ,"MANUFACTURE_OF_COKE_AND_REFINED_PETROLEUM_PRODUCTS" : "idsc:MANUFACTURE_OF_COKE_AND_REFINED_PETROLEUM_PRODUCTS "
  ,"MANUFACTURE_OF_COKE_OVEN_PRODUCTS" : "idsc:MANUFACTURE_OF_COKE_OVEN_PRODUCTS "
  ,"MANUFACTURE_OF_COMMUNICATION_EQUIPMENT" : "idsc:MANUFACTURE_OF_COMMUNICATION_EQUIPMENT "
  ,"MANUFACTURE_OF_COMPUTERS_AND_PERIPHERAL_EQUIPMENT" : "idsc:MANUFACTURE_OF_COMPUTERS_AND_PERIPHERAL_EQUIPMENT "
  ,"MANUFACTURE_OF_COMPUTER_ELECTRONIC_AND_OPTICAL_PRODUCTS" : "idsc:MANUFACTURE_OF_COMPUTER_ELECTRONIC_AND_OPTICAL_PRODUCTS "
  ,"MANUFACTURE_OF_CONSUMER_ELECTRONICS" : "idsc:MANUFACTURE_OF_CONSUMER_ELECTRONICS "
  ,"MANUFACTURE_OF_CORDAGE_ROPE_TWINE_AND_NETTING" : "idsc:MANUFACTURE_OF_CORDAGE_ROPE_TWINE_AND_NETTING "
  ,"MANUFACTURE_OF_CORRUGATED_PAPER_AND_PAPERBOARD_AND_OF_CONTAINERS_OF_PAPER_AND_PAPERBOARD" : "idsc:MANUFACTURE_OF_CORRUGATED_PAPER_AND_PAPERBOARD_AND_OF_CONTAINERS_OF_PAPER_AND_PAPERBOARD "
  ,"MANUFACTURE_OF_CUTLERY_HAND_TOOLS_AND_GENERAL_HARDWARE" : "idsc:MANUFACTURE_OF_CUTLERY_HAND_TOOLS_AND_GENERAL_HARDWARE "
  ,"MANUFACTURE_OF_DAIRY_PRODUCTS" : "idsc:MANUFACTURE_OF_DAIRY_PRODUCTS "
  ,"MANUFACTURE_OF_DOMESTIC_APPLIANCES" : "idsc:MANUFACTURE_OF_DOMESTIC_APPLIANCES "
  ,"MANUFACTURE_OF_ELECTRICAL_EQUIPMENT" : "idsc:MANUFACTURE_OF_ELECTRICAL_EQUIPMENT "
  ,"MANUFACTURE_OF_ELECTRIC_LIGHTING_EQUIPMENT" : "idsc:MANUFACTURE_OF_ELECTRIC_LIGHTING_EQUIPMENT "
  ,"MANUFACTURE_OF_ELECTRIC_MOTORS_GENERATORS_TRANSFORMERS_AND_ELECTRICITY_DISTRIBUTION_AND_CONTROL_APPARATUS" : "idsc:MANUFACTURE_OF_ELECTRIC_MOTORS_GENERATORS_TRANSFORMERS_AND_ELECTRICITY_DISTRIBUTION_AND_CONTROL_APPARATUS "
  ,"MANUFACTURE_OF_ELECTRONIC_COMPONENTS_AND_BOARDS" : "idsc:MANUFACTURE_OF_ELECTRONIC_COMPONENTS_AND_BOARDS "
  ,"MANUFACTURE_OF_ENGINES_AND_TURBINES_EXCEPT_AIRCRAFT_VEHICLE_AND_CYCLE_ENGINES" : "idsc:MANUFACTURE_OF_ENGINES_AND_TURBINES_EXCEPT_AIRCRAFT_VEHICLE_AND_CYCLE_ENGINES "
  ,"MANUFACTURE_OF_FABRICATED_METAL_PRODUCTS_EXCEPT_MACHINERY_AND_EQUIPMENT" : "idsc:MANUFACTURE_OF_FABRICATED_METAL_PRODUCTS_EXCEPT_MACHINERY_AND_EQUIPMENT "
  ,"MANUFACTURE_OF_FERTILIZERS_AND_NITROGEN_COMPOUNDS" : "idsc:MANUFACTURE_OF_FERTILIZERS_AND_NITROGEN_COMPOUNDS "
  ,"MANUFACTURE_OF_FIBRE_OPTIC_CABLES" : "idsc:MANUFACTURE_OF_FIBRE_OPTIC_CABLES "
  ,"MANUFACTURE_OF_FLUID_POWER_EQUIPMENT" : "idsc:MANUFACTURE_OF_FLUID_POWER_EQUIPMENT "
  ,"MANUFACTURE_OF_FOOD_PRODUCTS" : "idsc:MANUFACTURE_OF_FOOD_PRODUCTS "
  ,"MANUFACTURE_OF_FOOTWEAR" : "idsc:MANUFACTURE_OF_FOOTWEAR "
  ,"MANUFACTURE_OF_FURNITURE" : "idsc:MANUFACTURE_OF_FURNITURE "
  ,"MANUFACTURE_OF_GAMES_AND_TOYS" : "idsc:MANUFACTURE_OF_GAMES_AND_TOYS "
  ,"MANUFACTURE_OF_GAS_DISTRIBUTION_OF_GASEOUS_FUELS_THROUGH_MAINS" : "idsc:MANUFACTURE_OF_GAS_DISTRIBUTION_OF_GASEOUS_FUELS_THROUGH_MAINS "
  ,"MANUFACTURE_OF_GENERAL_PURPOSE_MACHINERY" : "idsc:MANUFACTURE_OF_GENERAL_PURPOSE_MACHINERY "
  ,"MANUFACTURE_OF_GLASS_AND_GLASS_PRODUCTS" : "idsc:MANUFACTURE_OF_GLASS_AND_GLASS_PRODUCTS "
  ,"MANUFACTURE_OF_GRAIN_MILL_PRODUCTS" : "idsc:MANUFACTURE_OF_GRAIN_MILL_PRODUCTS "
  ,"MANUFACTURE_OF_GRAIN_MILL_PRODUCTS_STARCHES_AND_STARCH_PRODUCTS" : "idsc:MANUFACTURE_OF_GRAIN_MILL_PRODUCTS_STARCHES_AND_STARCH_PRODUCTS "
  ,"MANUFACTURE_OF_IMITATION_JEWELLERY_AND_RELATED_ARTICLES" : "idsc:MANUFACTURE_OF_IMITATION_JEWELLERY_AND_RELATED_ARTICLES "
  ,"MANUFACTURE_OF_IRRADIATION_ELECTROMEDICAL_AND_ELECTROTHERAPEUTIC_EQUIPMENT" : "idsc:MANUFACTURE_OF_IRRADIATION_ELECTROMEDICAL_AND_ELECTROTHERAPEUTIC_EQUIPMENT "
  ,"MANUFACTURE_OF_JEWELLERY_AND_RELATED_ARTICLES" : "idsc:MANUFACTURE_OF_JEWELLERY_AND_RELATED_ARTICLES "
  ,"MANUFACTURE_OF_JEWELLERY_BIJOUTERIE_AND_RELATED_ARTICLES" : "idsc:MANUFACTURE_OF_JEWELLERY_BIJOUTERIE_AND_RELATED_ARTICLES "
  ,"MANUFACTURE_OF_KNITTED_AND_CROCHETED_APPAREL" : "idsc:MANUFACTURE_OF_KNITTED_AND_CROCHETED_APPAREL "
  ,"MANUFACTURE_OF_KNITTED_AND_CROCHETED_FABRICS" : "idsc:MANUFACTURE_OF_KNITTED_AND_CROCHETED_FABRICS "
  ,"MANUFACTURE_OF_LEATHER_AND_RELATED_PRODUCTS" : "idsc:MANUFACTURE_OF_LEATHER_AND_RELATED_PRODUCTS "
  ,"MANUFACTURE_OF_LIFTING_AND_HANDLING_EQUIPMENT" : "idsc:MANUFACTURE_OF_LIFTING_AND_HANDLING_EQUIPMENT "
  ,"MANUFACTURE_OF_LUGGAGE_HANDBAGS_AND_THE_LIKE_SADDLERY_AND_HARNESS" : "idsc:MANUFACTURE_OF_LUGGAGE_HANDBAGS_AND_THE_LIKE_SADDLERY_AND_HARNESS "
  ,"MANUFACTURE_OF_MACARONI_NOODLES_COUSCOUS_AND_SIMILAR_FARINACEOUS_PRODUCTS" : "idsc:MANUFACTURE_OF_MACARONI_NOODLES_COUSCOUS_AND_SIMILAR_FARINACEOUS_PRODUCTS "
  ,"MANUFACTURE_OF_MACHINERY_AND_EQUIPMENT_NEC" : "idsc:MANUFACTURE_OF_MACHINERY_AND_EQUIPMENT_NEC "
  ,"MANUFACTURE_OF_MACHINERY_FOR_FOOD_BEVERAGE_AND_TOBACCO_PROCESSING" : "idsc:MANUFACTURE_OF_MACHINERY_FOR_FOOD_BEVERAGE_AND_TOBACCO_PROCESSING "
  ,"MANUFACTURE_OF_MACHINERY_FOR_METALLURGY" : "idsc:MANUFACTURE_OF_MACHINERY_FOR_METALLURGY "
  ,"MANUFACTURE_OF_MACHINERY_FOR_MINING_QUARRYING_AND_CONSTRUCTION" : "idsc:MANUFACTURE_OF_MACHINERY_FOR_MINING_QUARRYING_AND_CONSTRUCTION "
  ,"MANUFACTURE_OF_MACHINERY_FOR_TEXTILE_APPAREL_AND_LEATHER_PRODUCTION" : "idsc:MANUFACTURE_OF_MACHINERY_FOR_TEXTILE_APPAREL_AND_LEATHER_PRODUCTION "
  ,"MANUFACTURE_OF_MADE_UP_TEXTILE_ARTICLES_EXCEPT_APPAREL" : "idsc:MANUFACTURE_OF_MADE_UP_TEXTILE_ARTICLES_EXCEPT_APPAREL "
  ,"MANUFACTURE_OF_MAGNETIC_AND_OPTICAL_MEDIA" : "idsc:MANUFACTURE_OF_MAGNETIC_AND_OPTICAL_MEDIA "
  ,"MANUFACTURE_OF_MALT_LIQUORS_AND_MALT" : "idsc:MANUFACTURE_OF_MALT_LIQUORS_AND_MALT "
  ,"MANUFACTURE_OF_MAN_MADE_FIBRES" : "idsc:MANUFACTURE_OF_MAN_MADE_FIBRES "
  ,"MANUFACTURE_OF_MEASURING_TESTING_NAVIGATING_AND_CONTROL_EQUIPMENT" : "idsc:MANUFACTURE_OF_MEASURING_TESTING_NAVIGATING_AND_CONTROL_EQUIPMENT "
  ,"MANUFACTURE_OF_MEASURING_TESTING_NAVIGATING_AND_CONTROL_EQUIPMENT_WATCHES_AND_CLOCKS" : "idsc:MANUFACTURE_OF_MEASURING_TESTING_NAVIGATING_AND_CONTROL_EQUIPMENT_WATCHES_AND_CLOCKS "
  ,"MANUFACTURE_OF_MEDICAL_AND_DENTAL_INSTRUMENTS_AND_SUPPLIES" : "idsc:MANUFACTURE_OF_MEDICAL_AND_DENTAL_INSTRUMENTS_AND_SUPPLIES "
  ,"MANUFACTURE_OF_METAL_FORMING_MACHINERY_AND_MACHINE_TOOLS" : "idsc:MANUFACTURE_OF_METAL_FORMING_MACHINERY_AND_MACHINE_TOOLS "
  ,"MANUFACTURE_OF_MILITARY_FIGHTING_VEHICLES" : "idsc:MANUFACTURE_OF_MILITARY_FIGHTING_VEHICLES "
  ,"MANUFACTURE_OF_MOTORCYCLES" : "idsc:MANUFACTURE_OF_MOTORCYCLES "
  ,"MANUFACTURE_OF_MOTOR_VEHICLES" : "idsc:MANUFACTURE_OF_MOTOR_VEHICLES "
  ,"MANUFACTURE_OF_MOTOR_VEHICLES_TRAILERS_AND_SEMI_TRAILERS" : "idsc:MANUFACTURE_OF_MOTOR_VEHICLES_TRAILERS_AND_SEMI_TRAILERS "
  ,"MANUFACTURE_OF_MUSICAL_INSTRUMENTS" : "idsc:MANUFACTURE_OF_MUSICAL_INSTRUMENTS "
  ,"MANUFACTURE_OF_NON_METALLIC_MINERAL_PRODUCTS_NEC" : "idsc:MANUFACTURE_OF_NON_METALLIC_MINERAL_PRODUCTS_NEC "
  ,"MANUFACTURE_OF_OFFICE_MACHINERY_AND_EQUIPMENT_EXCEPT_COMPUTERS_AND_PERIPHERAL_EQUIPMENT" : "idsc:MANUFACTURE_OF_OFFICE_MACHINERY_AND_EQUIPMENT_EXCEPT_COMPUTERS_AND_PERIPHERAL_EQUIPMENT "
  ,"MANUFACTURE_OF_OPTICAL_INSTRUMENTS_AND_PHOTOGRAPHIC_EQUIPMENT" : "idsc:MANUFACTURE_OF_OPTICAL_INSTRUMENTS_AND_PHOTOGRAPHIC_EQUIPMENT "
  ,"MANUFACTURE_OF_OTHER_ARTICLES_OF_PAPER_AND_PAPERBOARD" : "idsc:MANUFACTURE_OF_OTHER_ARTICLES_OF_PAPER_AND_PAPERBOARD "
  ,"MANUFACTURE_OF_OTHER_CHEMICAL_PRODUCTS" : "idsc:MANUFACTURE_OF_OTHER_CHEMICAL_PRODUCTS "
  ,"MANUFACTURE_OF_OTHER_CHEMICAL_PRODUCTS_NEC" : "idsc:MANUFACTURE_OF_OTHER_CHEMICAL_PRODUCTS_NEC "
  ,"MANUFACTURE_OF_OTHER_ELECTRICAL_EQUIPMENT" : "idsc:MANUFACTURE_OF_OTHER_ELECTRICAL_EQUIPMENT "
  ,"MANUFACTURE_OF_OTHER_ELECTRONIC_AND_ELECTRIC_WIRES_AND_CABLES" : "idsc:MANUFACTURE_OF_OTHER_ELECTRONIC_AND_ELECTRIC_WIRES_AND_CABLES "
  ,"MANUFACTURE_OF_OTHER_FABRICATED_METAL_PRODUCTS_METALWORKING_SERVICE_ACTIVITIES" : "idsc:MANUFACTURE_OF_OTHER_FABRICATED_METAL_PRODUCTS_METALWORKING_SERVICE_ACTIVITIES "
  ,"MANUFACTURE_OF_OTHER_FABRICATED_METAL_PRODUCTS_NEC" : "idsc:MANUFACTURE_OF_OTHER_FABRICATED_METAL_PRODUCTS_NEC "
  ,"MANUFACTURE_OF_OTHER_FOOD_PRODUCTS" : "idsc:MANUFACTURE_OF_OTHER_FOOD_PRODUCTS "
  ,"MANUFACTURE_OF_OTHER_FOOD_PRODUCTS_NEC" : "idsc:MANUFACTURE_OF_OTHER_FOOD_PRODUCTS_NEC "
  ,"MANUFACTURE_OF_OTHER_GENERAL_PURPOSE_MACHINERY" : "idsc:MANUFACTURE_OF_OTHER_GENERAL_PURPOSE_MACHINERY "
  ,"MANUFACTURE_OF_OTHER_NON_METALLIC_MINERAL_PRODUCTS" : "idsc:MANUFACTURE_OF_OTHER_NON_METALLIC_MINERAL_PRODUCTS "
  ,"MANUFACTURE_OF_OTHER_NON_METALLIC_MINERAL_PRODUCTS_NEC" : "idsc:MANUFACTURE_OF_OTHER_NON_METALLIC_MINERAL_PRODUCTS_NEC "
  ,"MANUFACTURE_OF_OTHER_PORCELAIN_AND_CERAMIC_PRODUCTS" : "idsc:MANUFACTURE_OF_OTHER_PORCELAIN_AND_CERAMIC_PRODUCTS "
  ,"MANUFACTURE_OF_OTHER_PRODUCTS_OF_WOOD_MANUFACTURE_OF_ARTICLES_OF_CORK_STRAW_AND_PLAITING_MATERIALS" : "idsc:MANUFACTURE_OF_OTHER_PRODUCTS_OF_WOOD_MANUFACTURE_OF_ARTICLES_OF_CORK_STRAW_AND_PLAITING_MATERIALS "
  ,"MANUFACTURE_OF_OTHER_PUMPS_COMPRESSORS_TAPS_AND_VALVES" : "idsc:MANUFACTURE_OF_OTHER_PUMPS_COMPRESSORS_TAPS_AND_VALVES "
  ,"MANUFACTURE_OF_OTHER_RUBBER_PRODUCTS" : "idsc:MANUFACTURE_OF_OTHER_RUBBER_PRODUCTS "
  ,"MANUFACTURE_OF_OTHER_SPECIAL_PURPOSE_MACHINERY" : "idsc:MANUFACTURE_OF_OTHER_SPECIAL_PURPOSE_MACHINERY "
  ,"MANUFACTURE_OF_OTHER_TEXTILES" : "idsc:MANUFACTURE_OF_OTHER_TEXTILES "
  ,"MANUFACTURE_OF_OTHER_TEXTILES_NEC" : "idsc:MANUFACTURE_OF_OTHER_TEXTILES_NEC "
  ,"MANUFACTURE_OF_OTHER_TRANSPORT_EQUIPMENT" : "idsc:MANUFACTURE_OF_OTHER_TRANSPORT_EQUIPMENT "
  ,"MANUFACTURE_OF_OTHER_TRANSPORT_EQUIPMENT_NEC" : "idsc:MANUFACTURE_OF_OTHER_TRANSPORT_EQUIPMENT_NEC "
  ,"MANUFACTURE_OF_OVENS_FURNACES_AND_FURNACE_BURNERS" : "idsc:MANUFACTURE_OF_OVENS_FURNACES_AND_FURNACE_BURNERS "
  ,"MANUFACTURE_OF_PAINTS_VARNISHES_AND_SIMILAR_COATINGS_PRINTING_INK_AND_MASTICS" : "idsc:MANUFACTURE_OF_PAINTS_VARNISHES_AND_SIMILAR_COATINGS_PRINTING_INK_AND_MASTICS "
  ,"MANUFACTURE_OF_PAPER_AND_PAPER_PRODUCTS" : "idsc:MANUFACTURE_OF_PAPER_AND_PAPER_PRODUCTS "
  ,"MANUFACTURE_OF_PARTS_AND_ACCESSORIES_FOR_MOTOR_VEHICLES" : "idsc:MANUFACTURE_OF_PARTS_AND_ACCESSORIES_FOR_MOTOR_VEHICLES "
  ,"MANUFACTURE_OF_PESTICIDES_AND_OTHER_AGROCHEMICAL_PRODUCTS" : "idsc:MANUFACTURE_OF_PESTICIDES_AND_OTHER_AGROCHEMICAL_PRODUCTS "
  ,"MANUFACTURE_OF_PHARMACEUTICALS_MEDICINAL_CHEMICAL_AND_BOTANICAL_PRODUCTS" : "idsc:MANUFACTURE_OF_PHARMACEUTICALS_MEDICINAL_CHEMICAL_AND_BOTANICAL_PRODUCTS "
  ,"MANUFACTURE_OF_PLASTICS_AND_SYNTHETIC_RUBBER_IN_PRIMARY_FORMS" : "idsc:MANUFACTURE_OF_PLASTICS_AND_SYNTHETIC_RUBBER_IN_PRIMARY_FORMS "
  ,"MANUFACTURE_OF_PLASTICS_PRODUCTS" : "idsc:MANUFACTURE_OF_PLASTICS_PRODUCTS "
  ,"MANUFACTURE_OF_POWER_DRIVEN_HAND_TOOLS" : "idsc:MANUFACTURE_OF_POWER_DRIVEN_HAND_TOOLS "
  ,"MANUFACTURE_OF_PREPARED_ANIMAL_FEEDS" : "idsc:MANUFACTURE_OF_PREPARED_ANIMAL_FEEDS "
  ,"MANUFACTURE_OF_PREPARED_MEALS_AND_DISHES" : "idsc:MANUFACTURE_OF_PREPARED_MEALS_AND_DISHES "
  ,"MANUFACTURE_OF_PRODUCTS_OF_WOOD_CORK_STRAW_AND_PLAITING_MATERIALS" : "idsc:MANUFACTURE_OF_PRODUCTS_OF_WOOD_CORK_STRAW_AND_PLAITING_MATERIALS "
  ,"MANUFACTURE_OF_PULP_PAPER_AND_PAPERBOARD" : "idsc:MANUFACTURE_OF_PULP_PAPER_AND_PAPERBOARD "
  ,"MANUFACTURE_OF_RAILWAY_LOCOMOTIVES_AND_ROLLING_STOCK" : "idsc:MANUFACTURE_OF_RAILWAY_LOCOMOTIVES_AND_ROLLING_STOCK "
  ,"MANUFACTURE_OF_REFINED_PETROLEUM_PRODUCTS" : "idsc:MANUFACTURE_OF_REFINED_PETROLEUM_PRODUCTS "
  ,"MANUFACTURE_OF_REFRACTORY_PRODUCTS" : "idsc:MANUFACTURE_OF_REFRACTORY_PRODUCTS "
  ,"MANUFACTURE_OF_RUBBER_AND_PLASTICS_PRODUCTS" : "idsc:MANUFACTURE_OF_RUBBER_AND_PLASTICS_PRODUCTS "
  ,"MANUFACTURE_OF_RUBBER_PRODUCTS" : "idsc:MANUFACTURE_OF_RUBBER_PRODUCTS "
  ,"MANUFACTURE_OF_RUBBER_TYRES_AND_TUBES_RETREADING_AND_REBUILDING_OF_RUBBER_TYRES" : "idsc:MANUFACTURE_OF_RUBBER_TYRES_AND_TUBES_RETREADING_AND_REBUILDING_OF_RUBBER_TYRES "
  ,"MANUFACTURE_OF_SOAP_AND_DETERGENTS_CLEANING_AND_POLISHING_PREPARATIONS_PERFUMES_AND_TOILET_PREPARATIONS" : "idsc:MANUFACTURE_OF_SOAP_AND_DETERGENTS_CLEANING_AND_POLISHING_PREPARATIONS_PERFUMES_AND_TOILET_PREPARATIONS "
  ,"MANUFACTURE_OF_SOFT_DRINKS_PRODUCTION_OF_MINERAL_WATERS_AND_OTHER_BOTTLED_WATERS" : "idsc:MANUFACTURE_OF_SOFT_DRINKS_PRODUCTION_OF_MINERAL_WATERS_AND_OTHER_BOTTLED_WATERS "
  ,"MANUFACTURE_OF_SPECIAL_PURPOSE_MACHINERY" : "idsc:MANUFACTURE_OF_SPECIAL_PURPOSE_MACHINERY "
  ,"MANUFACTURE_OF_SPORTS_GOODS" : "idsc:MANUFACTURE_OF_SPORTS_GOODS "
  ,"MANUFACTURE_OF_STARCHES_AND_STARCH_PRODUCTS" : "idsc:MANUFACTURE_OF_STARCHES_AND_STARCH_PRODUCTS "
  ,"MANUFACTURE_OF_STEAM_GENERATORS_EXCEPT_CENTRAL_HEATING_HOT_WATER_BOILERS" : "idsc:MANUFACTURE_OF_STEAM_GENERATORS_EXCEPT_CENTRAL_HEATING_HOT_WATER_BOILERS "
  ,"MANUFACTURE_OF_STRUCTURAL_METAL_PRODUCTS" : "idsc:MANUFACTURE_OF_STRUCTURAL_METAL_PRODUCTS "
  ,"MANUFACTURE_OF_STRUCTURAL_METAL_PRODUCTS_TANKS_RESERVOIRS_AND_STEAM_GENERATORS" : "idsc:MANUFACTURE_OF_STRUCTURAL_METAL_PRODUCTS_TANKS_RESERVOIRS_AND_STEAM_GENERATORS "
  ,"MANUFACTURE_OF_SUGAR" : "idsc:MANUFACTURE_OF_SUGAR "
  ,"MANUFACTURE_OF_TANKS_RESERVOIRS_AND_CONTAINERS_OF_METAL" : "idsc:MANUFACTURE_OF_TANKS_RESERVOIRS_AND_CONTAINERS_OF_METAL "
  ,"MANUFACTURE_OF_TEXTILES" : "idsc:MANUFACTURE_OF_TEXTILES "
  ,"MANUFACTURE_OF_TOBACCO_PRODUCTS" : "idsc:MANUFACTURE_OF_TOBACCO_PRODUCTS "
  ,"MANUFACTURE_OF_TRANSPORT_EQUIPMENT_NEC" : "idsc:MANUFACTURE_OF_TRANSPORT_EQUIPMENT_NEC "
  ,"MANUFACTURE_OF_VEGETABLE_AND_ANIMAL_OILS_AND_FATS" : "idsc:MANUFACTURE_OF_VEGETABLE_AND_ANIMAL_OILS_AND_FATS "
  ,"MANUFACTURE_OF_VENEER_SHEETS_AND_WOOD_BASED_PANELS" : "idsc:MANUFACTURE_OF_VENEER_SHEETS_AND_WOOD_BASED_PANELS "
  ,"MANUFACTURE_OF_WATCHES_AND_CLOCKS" : "idsc:MANUFACTURE_OF_WATCHES_AND_CLOCKS "
  ,"MANUFACTURE_OF_WEAPONS_AND_AMMUNITION" : "idsc:MANUFACTURE_OF_WEAPONS_AND_AMMUNITION "
  ,"MANUFACTURE_OF_WEARING_APPAREL" : "idsc:MANUFACTURE_OF_WEARING_APPAREL "
  ,"MANUFACTURE_OF_WEARING_APPAREL_EXCEPT_FUR_APPAREL" : "idsc:MANUFACTURE_OF_WEARING_APPAREL_EXCEPT_FUR_APPAREL "
  ,"MANUFACTURE_OF_WINES" : "idsc:MANUFACTURE_OF_WINES "
  ,"MANUFACTURE_OF_WIRING_AND_WIRING_DEVICES" : "idsc:MANUFACTURE_OF_WIRING_AND_WIRING_DEVICES "
  ,"MANUFACTURE_OF_WIRING_DEVICES" : "idsc:MANUFACTURE_OF_WIRING_DEVICES "
  ,"MANUFACTURE_OF_WOODEN_CONTAINERS" : "idsc:MANUFACTURE_OF_WOODEN_CONTAINERS "
  ,"MANUFACTURE_OF_WOOD_AND_OF_PRODUCTS_OF_WOOD_AND_CORK_EXCEPT_FURNITURE_MANUFACTURE_OF_ARTICLES_OF_STRAW_AND_PLAITING_MATERIALS" : "idsc:MANUFACTURE_OF_WOOD_AND_OF_PRODUCTS_OF_WOOD_AND_CORK_EXCEPT_FURNITURE_MANUFACTURE_OF_ARTICLES_OF_STRAW_AND_PLAITING_MATERIALS "
  ,"MARINE_AQUACULTURE" : "idsc:MARINE_AQUACULTURE "
  ,"MARINE_FISHING" : "idsc:MARINE_FISHING "
  ,"MARKET_RESEARCH_AND_PUBLIC_OPINION_POLLING" : "idsc:MARKET_RESEARCH_AND_PUBLIC_OPINION_POLLING "
  ,"MATCHES" : "idsc:MATCHES "
  ,"MATERIALS_RECOVERY" : "idsc:MATERIALS_RECOVERY "
  ,"MEDICAL_AND_DENTAL_PRACTICE_ACTIVITIES" : "idsc:MEDICAL_AND_DENTAL_PRACTICE_ACTIVITIES "
  ,"MEETS" : "idsc:MEETS "
  ,"MEMBER_OF" : "idsc:MEMBER_OF "
  ,"MESSAGE_TRIGGERS_FAULT" : "idsc:MESSAGE_TRIGGERS_FAULT "
  ,"MESSAGE_TYPE_NOT_SUPPORTED" : "idsc:MESSAGE_TYPE_NOT_SUPPORTED "
  ,"METHOD_NOT_SUPPORTED" : "idsc:METHOD_NOT_SUPPORTED "
  ,"MET_BY" : "idsc:MET_BY "
  ,"MG" : "idsc:MG "
  ,"MH" : "idsc:MH "
  ,"MI" : "idsc:MI "
  ,"MINING_AND_QUARRYING_NEC" : "idsc:MINING_AND_QUARRYING_NEC "
  ,"MINING_OF_CHEMICAL_AND_FERTILIZER_MINERALS" : "idsc:MINING_OF_CHEMICAL_AND_FERTILIZER_MINERALS "
  ,"MINING_OF_COAL_AND_LIGNITE" : "idsc:MINING_OF_COAL_AND_LIGNITE "
  ,"MINING_OF_HARD_COAL" : "idsc:MINING_OF_HARD_COAL "
  ,"MINING_OF_IRON_ORES" : "idsc:MINING_OF_IRON_ORES "
  ,"MINING_OF_LIGNITE" : "idsc:MINING_OF_LIGNITE "
  ,"MINING_OF_METAL_ORES" : "idsc:MINING_OF_METAL_ORES "
  ,"MINING_OF_NON_FERROUS_METAL_ORES" : "idsc:MINING_OF_NON_FERROUS_METAL_ORES "
  ,"MINING_OF_OTHER_NON_FERROUS_METAL_ORES" : "idsc:MINING_OF_OTHER_NON_FERROUS_METAL_ORES "
  ,"MINING_OF_URANIUM_AND_THORIUM_ORES" : "idsc:MINING_OF_URANIUM_AND_THORIUM_ORES "
  ,"MINING_SUPPORT_SERVICE_ACTIVITIES" : "idsc:MINING_SUPPORT_SERVICE_ACTIVITIES "
  ,"MIXED_FARMING" : "idsc:MIXED_FARMING "
  ,"MK" : "idsc:MK "
  ,"ML" : "idsc:ML "
  ,"MN" : "idsc:MN "
  ,"MODIFY" : "idsc:MODIFY "
  ,"MONETARY_INTERMEDIATION" : "idsc:MONETARY_INTERMEDIATION "
  ,"MOTION_PICTURE_PROJECTION_ACTIVITIES" : "idsc:MOTION_PICTURE_PROJECTION_ACTIVITIES "
  ,"MOTION_PICTURE_VIDEO_AND_TELEVISION_PROGRAMME_ACTIVITIES" : "idsc:MOTION_PICTURE_VIDEO_AND_TELEVISION_PROGRAMME_ACTIVITIES "
  ,"MOTION_PICTURE_VIDEO_AND_TELEVISION_PROGRAMME_DISTRIBUTION_ACTIVITIES" : "idsc:MOTION_PICTURE_VIDEO_AND_TELEVISION_PROGRAMME_DISTRIBUTION_ACTIVITIES "
  ,"MOTION_PICTURE_VIDEO_AND_TELEVISION_PROGRAMME_POST_PRODUCTION_ACTIVITIES" : "idsc:MOTION_PICTURE_VIDEO_AND_TELEVISION_PROGRAMME_POST_PRODUCTION_ACTIVITIES "
  ,"MOTION_PICTURE_VIDEO_AND_TELEVISION_PROGRAMME_PRODUCTION_ACTIVITIES" : "idsc:MOTION_PICTURE_VIDEO_AND_TELEVISION_PROGRAMME_PRODUCTION_ACTIVITIES "
  ,"MOTION_PICTURE_VIDEO_AND_TELEVISION_PROGRAMME_PRODUCTION_SOUND_RECORDING_AND_MUSIC_PUBLISHING_ACTIVITIES" : "idsc:MOTION_PICTURE_VIDEO_AND_TELEVISION_PROGRAMME_PRODUCTION_SOUND_RECORDING_AND_MUSIC_PUBLISHING_ACTIVITIES "
  ,"MOZILLAPUBLICLICENSE10MPL" : "idsc:MOZILLAPUBLICLICENSE10MPL "
  ,"MPROFESSIONAL_SCIENTIFIC_AND_TECHNICAL_ACTIVITIES" : "idsc:MPROFESSIONAL_SCIENTIFIC_AND_TECHNICAL_ACTIVITIES "
  ,"MQTT" : "idsc:MQTT "
  ,"MR" : "idsc:MR "
  ,"MS" : "idsc:MS "
  ,"MT" : "idsc:MT "
  ,"MUSEUMS_ACTIVITIES_AND_OPERATION_OF_HISTORICAL_SITES_AND_BUILDINGS" : "idsc:MUSEUMS_ACTIVITIES_AND_OPERATION_OF_HISTORICAL_SITES_AND_BUILDINGS "
  ,"MY" : "idsc:MY "
  ,"MinimalOfferTemplate" : "idsc:MinimalOfferTemplate "
  ,"MinimalRequestTemplate" : "idsc:MinimalRequestTemplate "
  ,"NA" : "idsc:NA "
  ,"NADMINISTRATIVE_AND_SUPPORT_SERVICE_ACTIVITIES" : "idsc:NADMINISTRATIVE_AND_SUPPORT_SERVICE_ACTIVITIES "
  ,"NB" : "idsc:NB "
  ,"ND" : "idsc:ND "
  ,"NE" : "idsc:NE "
  ,"NEWS_AGENCY_ACTIVITIES" : "idsc:NEWS_AGENCY_ACTIVITIES "
  ,"NEXT" : "idsc:NEXT "
  ,"NEXT_POLICY" : "idsc:NEXT_POLICY "
  ,"NG" : "idsc:NG "
  ,"NL" : "idsc:NL "
  ,"NN" : "idsc:NN "
  ,"NO" : "idsc:NO "
  ,"NON_LIFE_INSURANCE" : "idsc:NON_LIFE_INSURANCE "
  ,"NON_SPECIALIZED_WHOLESALE_TRADE" : "idsc:NON_SPECIALIZED_WHOLESALE_TRADE "
  ,"NOTIFY" : "idsc:NOTIFY "
  ,"NOT_AUTHENTICATED" : "idsc:NOT_AUTHENTICATED "
  ,"NOT_AUTHORIZED" : "idsc:NOT_AUTHORIZED "
  ,"NOT_FOUND" : "idsc:NOT_FOUND "
  ,"NO_FAULT" : "idsc:NO_FAULT "
  ,"NR" : "idsc:NR "
  ,"NV" : "idsc:NV "
  ,"NY" : "idsc:NY "
  ,"OAUTH2_JWT" : "idsc:OAUTH2_JWT "
  ,"OC" : "idsc:OC "
  ,"OFFICE_ADMINISTRATIVE_AND_SUPPORT_ACTIVITIES" : "idsc:OFFICE_ADMINISTRATIVE_AND_SUPPORT_ACTIVITIES "
  ,"OFFICE_ADMINISTRATIVE_OFFICE_SUPPORT_AND_OTHER_BUSINESS_SUPPORT_ACTIVITIES" : "idsc:OFFICE_ADMINISTRATIVE_OFFICE_SUPPORT_AND_OTHER_BUSINESS_SUPPORT_ACTIVITIES "
  ,"OFFICIALWORK" : "idsc:OFFICIALWORK "
  ,"OJ" : "idsc:OJ "
  ,"OM" : "idsc:OM "
  ,"OPENDATACOMMONSATTRIBUTIONLICENSE" : "idsc:OPENDATACOMMONSATTRIBUTIONLICENSE "
  ,"OPENDATACOMMONSOPENDATABASELICENSE" : "idsc:OPENDATACOMMONSOPENDATABASELICENSE "
  ,"OPENDATACOMMONSPUBLICDOMAINDEDICATIONANDLICENSE" : "idsc:OPENDATACOMMONSPUBLICDOMAINDEDICATIONANDLICENSE "
  ,"OPERATION_OF_SPORTS_FACILITIES" : "idsc:OPERATION_OF_SPORTS_FACILITIES "
  ,"OPUBLIC_ADMINISTRATION_AND_DEFENCE_COMPULSORY_SOCIAL_SECURITY" : "idsc:OPUBLIC_ADMINISTRATION_AND_DEFENCE_COMPULSORY_SOCIAL_SECURITY "
  ,"OR" : "idsc:OR "
  ,"ORGANIZATION_OF_CONVENTIONS_AND_TRADE_SHOWS" : "idsc:ORGANIZATION_OF_CONVENTIONS_AND_TRADE_SHOWS "
  ,"OS" : "idsc:OS "
  ,"OTHER" : "idsc:OTHER "
  ,"OTHERCLOSEDLICENSE" : "idsc:OTHERCLOSEDLICENSE "
  ,"OTHERCOMMERCIALLICENSE" : "idsc:OTHERCOMMERCIALLICENSE "
  ,"OTHERFREEWARELICENSE" : "idsc:OTHERFREEWARELICENSE "
  ,"OTHEROPENLICENSE" : "idsc:OTHEROPENLICENSE "
  ,"OTHEROPENSOURCE_LICENSE" : "idsc:OTHEROPENSOURCE_LICENSE "
  ,"OTHER_ACCOMMODATION" : "idsc:OTHER_ACCOMMODATION "
  ,"OTHER_ACTIVITIES_AUXILIARY_TO_FINANCIAL_SERVICE_ACTIVITIES" : "idsc:OTHER_ACTIVITIES_AUXILIARY_TO_FINANCIAL_SERVICE_ACTIVITIES "
  ,"OTHER_ACTIVITIES_AUXILIARY_TO_INSURANCE_AND_PENSION_FUNDING" : "idsc:OTHER_ACTIVITIES_AUXILIARY_TO_INSURANCE_AND_PENSION_FUNDING "
  ,"OTHER_AMUSEMENT_AND_RECREATION_ACTIVITIES" : "idsc:OTHER_AMUSEMENT_AND_RECREATION_ACTIVITIES "
  ,"OTHER_AMUSEMENT_AND_RECREATION_ACTIVITIES_NEC" : "idsc:OTHER_AMUSEMENT_AND_RECREATION_ACTIVITIES_NEC "
  ,"OTHER_BUILDING_AND_INDUSTRIAL_CLEANING_ACTIVITIES" : "idsc:OTHER_BUILDING_AND_INDUSTRIAL_CLEANING_ACTIVITIES "
  ,"OTHER_BUSINESS_SUPPORT_SERVICE_ACTIVITIES_NEC" : "idsc:OTHER_BUSINESS_SUPPORT_SERVICE_ACTIVITIES_NEC "
  ,"OTHER_CONSTRUCTION_INSTALLATION" : "idsc:OTHER_CONSTRUCTION_INSTALLATION "
  ,"OTHER_CREDIT_GRANTING" : "idsc:OTHER_CREDIT_GRANTING "
  ,"OTHER_EDUCATION" : "idsc:OTHER_EDUCATION "
  ,"OTHER_EDUCATION_NEC" : "idsc:OTHER_EDUCATION_NEC "
  ,"OTHER_FINANCIAL_SERVICE_ACTIVITIES_EXCEPT_INSURANCE_AND_PENSION_FUNDING_ACTIVITIES" : "idsc:OTHER_FINANCIAL_SERVICE_ACTIVITIES_EXCEPT_INSURANCE_AND_PENSION_FUNDING_ACTIVITIES "
  ,"OTHER_FINANCIAL_SERVICE_ACTIVITIES_EXCEPT_INSURANCE_AND_PENSION_FUNDING_ACTIVITIES_NEC" : "idsc:OTHER_FINANCIAL_SERVICE_ACTIVITIES_EXCEPT_INSURANCE_AND_PENSION_FUNDING_ACTIVITIES_NEC "
  ,"OTHER_FOOD_SERVICE_ACTIVITIES" : "idsc:OTHER_FOOD_SERVICE_ACTIVITIES "
  ,"OTHER_HUMAN_HEALTH_ACTIVITIES" : "idsc:OTHER_HUMAN_HEALTH_ACTIVITIES "
  ,"OTHER_HUMAN_RESOURCES_PROVISION" : "idsc:OTHER_HUMAN_RESOURCES_PROVISION "
  ,"OTHER_INFORMATION_SERVICE_ACTIVITIES" : "idsc:OTHER_INFORMATION_SERVICE_ACTIVITIES "
  ,"OTHER_INFORMATION_SERVICE_ACTIVITIES_NEC" : "idsc:OTHER_INFORMATION_SERVICE_ACTIVITIES_NEC "
  ,"OTHER_INFORMATION_TECHNOLOGY_AND_COMPUTER_SERVICE_ACTIVITIES" : "idsc:OTHER_INFORMATION_TECHNOLOGY_AND_COMPUTER_SERVICE_ACTIVITIES "
  ,"OTHER_LAND_TRANSPORT" : "idsc:OTHER_LAND_TRANSPORT "
  ,"OTHER_MANUFACTURING" : "idsc:OTHER_MANUFACTURING "
  ,"OTHER_MANUFACTURING_NEC" : "idsc:OTHER_MANUFACTURING_NEC "
  ,"OTHER_MINING_AND_QUARRYING" : "idsc:OTHER_MINING_AND_QUARRYING "
  ,"OTHER_MINING_AND_QUARRYING_NEC" : "idsc:OTHER_MINING_AND_QUARRYING_NEC "
  ,"OTHER_MONETARY_INTERMEDIATION" : "idsc:OTHER_MONETARY_INTERMEDIATION "
  ,"OTHER_PASSENGER_LAND_TRANSPORT" : "idsc:OTHER_PASSENGER_LAND_TRANSPORT "
  ,"OTHER_PERSONAL_SERVICE_ACTIVITIES" : "idsc:OTHER_PERSONAL_SERVICE_ACTIVITIES "
  ,"OTHER_PERSONAL_SERVICE_ACTIVITIES_NEC" : "idsc:OTHER_PERSONAL_SERVICE_ACTIVITIES_NEC "
  ,"OTHER_PROFESSIONAL_SCIENTIFIC_AND_TECHNICAL_ACTIVITIES" : "idsc:OTHER_PROFESSIONAL_SCIENTIFIC_AND_TECHNICAL_ACTIVITIES "
  ,"OTHER_PROFESSIONAL_SCIENTIFIC_AND_TECHNICAL_ACTIVITIES_NEC" : "idsc:OTHER_PROFESSIONAL_SCIENTIFIC_AND_TECHNICAL_ACTIVITIES_NEC "
  ,"OTHER_PROTOCOL" : "idsc:OTHER_PROTOCOL "
  ,"OTHER_PUBLISHING_ACTIVITIES" : "idsc:OTHER_PUBLISHING_ACTIVITIES "
  ,"OTHER_RESERVATION_SERVICE_AND_RELATED_ACTIVITIES" : "idsc:OTHER_RESERVATION_SERVICE_AND_RELATED_ACTIVITIES "
  ,"OTHER_RESIDENTIAL_CARE_ACTIVITIES" : "idsc:OTHER_RESIDENTIAL_CARE_ACTIVITIES "
  ,"OTHER_RETAIL_SALE_IN_NON_SPECIALIZED_STORES" : "idsc:OTHER_RETAIL_SALE_IN_NON_SPECIALIZED_STORES "
  ,"OTHER_RETAIL_SALE_NOT_IN_STORES_STALLS_OR_MARKETS" : "idsc:OTHER_RETAIL_SALE_NOT_IN_STORES_STALLS_OR_MARKETS "
  ,"OTHER_RETAIL_SALE_OF_NEW_GOODS_IN_SPECIALIZED_STORES" : "idsc:OTHER_RETAIL_SALE_OF_NEW_GOODS_IN_SPECIALIZED_STORES "
  ,"OTHER_SOCIAL_WORK_ACTIVITIES_WITHOUT_ACCOMMODATION" : "idsc:OTHER_SOCIAL_WORK_ACTIVITIES_WITHOUT_ACCOMMODATION "
  ,"OTHER_SPECIALIZED_CONSTRUCTION_ACTIVITIES" : "idsc:OTHER_SPECIALIZED_CONSTRUCTION_ACTIVITIES "
  ,"OTHER_SPECIALIZED_WHOLESALE" : "idsc:OTHER_SPECIALIZED_WHOLESALE "
  ,"OTHER_SPORTS_ACTIVITIES" : "idsc:OTHER_SPORTS_ACTIVITIES "
  ,"OTHER_TELECOMMUNICATIONS_ACTIVITIES" : "idsc:OTHER_TELECOMMUNICATIONS_ACTIVITIES "
  ,"OTHER_TRANSPORTATION_SUPPORT_ACTIVITIES" : "idsc:OTHER_TRANSPORTATION_SUPPORT_ACTIVITIES "
  ,"OUT_IN" : "idsc:OUT_IN "
  ,"OUT_ONLY" : "idsc:OUT_ONLY "
  ,"OUT_OPTIONAL_IN" : "idsc:OUT_OPTIONAL_IN "
  ,"OVERLAPPED_BY" : "idsc:OVERLAPPED_BY "
  ,"OVERLAPS" : "idsc:OVERLAPS "
  ,"OfferTemplate" : "idsc:OfferTemplate "
  ,"PA" : "idsc:PA "
  ,"PACKAGING_ACTIVITIES" : "idsc:PACKAGING_ACTIVITIES "
  ,"PARIS" : "idsc:PARIS "
  ,"PARTICIPANT_CENTRAL_LEVEL_CONTROL_FRAMEWORK" : "idsc:PARTICIPANT_CENTRAL_LEVEL_CONTROL_FRAMEWORK "
  ,"PARTICIPANT_CENTRAL_LEVEL_MANAGEMENT_SYSTEM" : "idsc:PARTICIPANT_CENTRAL_LEVEL_MANAGEMENT_SYSTEM "
  ,"PARTICIPANT_ENTRY_LEVEL_MANAGEMENT_SYSTEM" : "idsc:PARTICIPANT_ENTRY_LEVEL_MANAGEMENT_SYSTEM "
  ,"PARTICIPANT_ENTRY_LEVEL_SELF_ASSESSMENT" : "idsc:PARTICIPANT_ENTRY_LEVEL_SELF_ASSESSMENT "
  ,"PARTICIPANT_MEMBER_LEVEL_CONTROL_FRAMEWORK" : "idsc:PARTICIPANT_MEMBER_LEVEL_CONTROL_FRAMEWORK "
  ,"PARTICIPANT_MEMBER_LEVEL_MANAGEMENT_SYSTEM" : "idsc:PARTICIPANT_MEMBER_LEVEL_MANAGEMENT_SYSTEM "
  ,"PASSENGER_AIR_TRANSPORT" : "idsc:PASSENGER_AIR_TRANSPORT "
  ,"PASSENGER_RAIL_TRANSPORT_INTERURBAN" : "idsc:PASSENGER_RAIL_TRANSPORT_INTERURBAN "
  ,"PATH" : "idsc:PATH "
  ,"PAY_AMOUNT" : "idsc:PAY_AMOUNT "
  ,"PEDUCATION" : "idsc:PEDUCATION "
  ,"PENSION_FUNDING" : "idsc:PENSION_FUNDING "
  ,"PHOTOCOPYING_DOCUMENT_PREPARATION_AND_OTHER_SPECIALIZED_OFFICE_SUPPORT_ACTIVITIES" : "idsc:PHOTOCOPYING_DOCUMENT_PREPARATION_AND_OTHER_SPECIALIZED_OFFICE_SUPPORT_ACTIVITIES "
  ,"PHOTOGRAPHIC_ACTIVITIES" : "idsc:PHOTOGRAPHIC_ACTIVITIES "
  ,"PI" : "idsc:PI "
  ,"PL" : "idsc:PL "
  ,"PLANT_PROPAGATION" : "idsc:PLANT_PROPAGATION "
  ,"PLUMBING_HEAT_AND_AIR_CONDITIONING_INSTALLATION" : "idsc:PLUMBING_HEAT_AND_AIR_CONDITIONING_INSTALLATION "
  ,"POLICY_EVALUATION_TIME" : "idsc:POLICY_EVALUATION_TIME "
  ,"POSTAL_ACTIVITIES" : "idsc:POSTAL_ACTIVITIES "
  ,"POSTAL_AND_COURIER_ACTIVITIES" : "idsc:POSTAL_AND_COURIER_ACTIVITIES "
  ,"POST_HARVEST_CROP_ACTIVITIES" : "idsc:POST_HARVEST_CROP_ACTIVITIES "
  ,"PREPARATION_AND_SPINNING_OF_TEXTILE_FIBRES" : "idsc:PREPARATION_AND_SPINNING_OF_TEXTILE_FIBRES "
  ,"PREVIOUS" : "idsc:PREVIOUS "
  ,"PRE_PRIMARY_AND_PRIMARY_EDUCATION" : "idsc:PRE_PRIMARY_AND_PRIMARY_EDUCATION "
  ,"PRINTING" : "idsc:PRINTING "
  ,"PRINTING_AND_REPRODUCTION_OF_RECORDED_MEDIA" : "idsc:PRINTING_AND_REPRODUCTION_OF_RECORDED_MEDIA "
  ,"PRINTING_AND_SERVICE_ACTIVITIES_RELATED_TO_PRINTING" : "idsc:PRINTING_AND_SERVICE_ACTIVITIES_RELATED_TO_PRINTING "
  ,"PRIVATE_SECURITY_ACTIVITIES" : "idsc:PRIVATE_SECURITY_ACTIVITIES "
  ,"PROCESSING_AND_PRESERVING_OF_FISH_CRUSTACEANS_AND_MOLLUSCS" : "idsc:PROCESSING_AND_PRESERVING_OF_FISH_CRUSTACEANS_AND_MOLLUSCS "
  ,"PROCESSING_AND_PRESERVING_OF_FRUIT_AND_VEGETABLES" : "idsc:PROCESSING_AND_PRESERVING_OF_FRUIT_AND_VEGETABLES "
  ,"PROCESSING_AND_PRESERVING_OF_MEAT" : "idsc:PROCESSING_AND_PRESERVING_OF_MEAT "
  ,"PROGRAMMING_AND_BROADCASTING_ACTIVITIES" : "idsc:PROGRAMMING_AND_BROADCASTING_ACTIVITIES "
  ,"PROVISION_OF_SERVICES_TO_THE_COMMUNITY_AS_A_WHOLE" : "idsc:PROVISION_OF_SERVICES_TO_THE_COMMUNITY_AS_A_WHOLE "
  ,"PS" : "idsc:PS "
  ,"PT" : "idsc:PT "
  ,"PUBLICDOMAINMARK10PDM" : "idsc:PUBLICDOMAINMARK10PDM "
  ,"PUBLIC_ADMINISTRATION_AND_DEFENCE_COMPULSORY_SOCIAL_SECURITY" : "idsc:PUBLIC_ADMINISTRATION_AND_DEFENCE_COMPULSORY_SOCIAL_SECURITY "
  ,"PUBLIC_ORDER_AND_SAFETY_ACTIVITIES" : "idsc:PUBLIC_ORDER_AND_SAFETY_ACTIVITIES "
  ,"PUBLISHING_ACTIVITIES" : "idsc:PUBLISHING_ACTIVITIES "
  ,"PUBLISHING_OF_BOOKS_PERIODICALS_AND_OTHER_PUBLISHING_ACTIVITIES" : "idsc:PUBLISHING_OF_BOOKS_PERIODICALS_AND_OTHER_PUBLISHING_ACTIVITIES "
  ,"PUBLISHING_OF_DIRECTORIES_AND_MAILING_LISTS" : "idsc:PUBLISHING_OF_DIRECTORIES_AND_MAILING_LISTS "
  ,"PUBLISHING_OF_NEWSPAPERS_JOURNALS_AND_PERIODICALS" : "idsc:PUBLISHING_OF_NEWSPAPERS_JOURNALS_AND_PERIODICALS "
  ,"QHUMAN_HEALTH_AND_SOCIAL_WORK_ACTIVITIES" : "idsc:QHUMAN_HEALTH_AND_SOCIAL_WORK_ACTIVITIES "
  ,"QU" : "idsc:QU "
  ,"QUARRYING_OF_STONE_SAND_AND_CLAY" : "idsc:QUARRYING_OF_STONE_SAND_AND_CLAY "
  ,"RADIO_BROADCASTING" : "idsc:RADIO_BROADCASTING "
  ,"RAISING_OF_CAMELS_AND_CAMELIDS" : "idsc:RAISING_OF_CAMELS_AND_CAMELIDS "
  ,"RAISING_OF_CATTLE_AND_BUFFALOES" : "idsc:RAISING_OF_CATTLE_AND_BUFFALOES "
  ,"RAISING_OF_HORSES_AND_OTHER_EQUINES" : "idsc:RAISING_OF_HORSES_AND_OTHER_EQUINES "
  ,"RAISING_OF_OTHER_ANIMALS" : "idsc:RAISING_OF_OTHER_ANIMALS "
  ,"RAISING_OF_POULTRY" : "idsc:RAISING_OF_POULTRY "
  ,"RAISING_OF_SHEEP_AND_GOATS" : "idsc:RAISING_OF_SHEEP_AND_GOATS "
  ,"RAISING_OF_SWINEPIGS" : "idsc:RAISING_OF_SWINEPIGS "
  ,"RARTS_ENTERTAINMENT_AND_RECREATION" : "idsc:RARTS_ENTERTAINMENT_AND_RECREATION "
  ,"READ" : "idsc:READ "
  ,"REAL_ESTATE_ACTIVITIES" : "idsc:REAL_ESTATE_ACTIVITIES "
  ,"REAL_ESTATE_ACTIVITIES_ON_A_FEE_OR_CONTRACT_BASIS" : "idsc:REAL_ESTATE_ACTIVITIES_ON_A_FEE_OR_CONTRACT_BASIS "
  ,"REAL_ESTATE_ACTIVITIES_WITH_OWN_OR_LEASED_PROPERTY" : "idsc:REAL_ESTATE_ACTIVITIES_WITH_OWN_OR_LEASED_PROPERTY "
  ,"REGULATION_OF_AND_CONTRIBUTION_TO_MORE_EFFICIENT_OPERATION_OF_BUSINESSES" : "idsc:REGULATION_OF_AND_CONTRIBUTION_TO_MORE_EFFICIENT_OPERATION_OF_BUSINESSES "
  ,"REGULATION_OF_THE_ACTIVITIES_OF_PROVIDING_HEALTH_CARE_EDUCATION_CULTURAL_SERVICES_AND_OTHER_SOCIAL_SERVICES_EXCLUDING_SOCIAL_SECURITY" : "idsc:REGULATION_OF_THE_ACTIVITIES_OF_PROVIDING_HEALTH_CARE_EDUCATION_CULTURAL_SERVICES_AND_OTHER_SOCIAL_SERVICES_EXCLUDING_SOCIAL_SECURITY "
  ,"REINSURANCE" : "idsc:REINSURANCE "
  ,"REMEDIATION_ACTIVITIES_AND_OTHER_WASTE_MANAGEMENT_SERVICES" : "idsc:REMEDIATION_ACTIVITIES_AND_OTHER_WASTE_MANAGEMENT_SERVICES "
  ,"RENTAL_AND_LEASING_ACTIVITIES" : "idsc:RENTAL_AND_LEASING_ACTIVITIES "
  ,"RENTING_AND_LEASING_OF_MOTOR_VEHICLES" : "idsc:RENTING_AND_LEASING_OF_MOTOR_VEHICLES "
  ,"RENTING_AND_LEASING_OF_OTHER_MACHINERY_EQUIPMENT_AND_TANGIBLE_GOODS" : "idsc:RENTING_AND_LEASING_OF_OTHER_MACHINERY_EQUIPMENT_AND_TANGIBLE_GOODS "
  ,"RENTING_AND_LEASING_OF_OTHER_PERSONAL_AND_HOUSEHOLD_GOODS" : "idsc:RENTING_AND_LEASING_OF_OTHER_PERSONAL_AND_HOUSEHOLD_GOODS "
  ,"RENTING_AND_LEASING_OF_PERSONAL_AND_HOUSEHOLD_GOODS" : "idsc:RENTING_AND_LEASING_OF_PERSONAL_AND_HOUSEHOLD_GOODS "
  ,"RENTING_AND_LEASING_OF_RECREATIONAL_AND_SPORTS_GOODS" : "idsc:RENTING_AND_LEASING_OF_RECREATIONAL_AND_SPORTS_GOODS "
  ,"RENTING_OF_VIDEO_TAPES_AND_DISKS" : "idsc:RENTING_OF_VIDEO_TAPES_AND_DISKS "
  ,"REPAIR_AND_INSTALLATION_OF_MACHINERY_AND_EQUIPMENT" : "idsc:REPAIR_AND_INSTALLATION_OF_MACHINERY_AND_EQUIPMENT "
  ,"REPAIR_OF_COMMUNICATION_EQUIPMENT" : "idsc:REPAIR_OF_COMMUNICATION_EQUIPMENT "
  ,"REPAIR_OF_COMPUTERS_AND_COMMUNICATION_EQUIPMENT" : "idsc:REPAIR_OF_COMPUTERS_AND_COMMUNICATION_EQUIPMENT "
  ,"REPAIR_OF_COMPUTERS_AND_PERIPHERAL_EQUIPMENT" : "idsc:REPAIR_OF_COMPUTERS_AND_PERIPHERAL_EQUIPMENT "
  ,"REPAIR_OF_COMPUTERS_AND_PERSONAL_AND_HOUSEHOLD_GOODS" : "idsc:REPAIR_OF_COMPUTERS_AND_PERSONAL_AND_HOUSEHOLD_GOODS "
  ,"REPAIR_OF_CONSUMER_ELECTRONICS" : "idsc:REPAIR_OF_CONSUMER_ELECTRONICS "
  ,"REPAIR_OF_ELECTRICAL_EQUIPMENT" : "idsc:REPAIR_OF_ELECTRICAL_EQUIPMENT "
  ,"REPAIR_OF_ELECTRONIC_AND_OPTICAL_EQUIPMENT" : "idsc:REPAIR_OF_ELECTRONIC_AND_OPTICAL_EQUIPMENT "
  ,"REPAIR_OF_FABRICATED_METAL_PRODUCTS" : "idsc:REPAIR_OF_FABRICATED_METAL_PRODUCTS "
  ,"REPAIR_OF_FABRICATED_METAL_PRODUCTS_MACHINERY_AND_EQUIPMENT" : "idsc:REPAIR_OF_FABRICATED_METAL_PRODUCTS_MACHINERY_AND_EQUIPMENT "
  ,"REPAIR_OF_FOOTWEAR_AND_LEATHER_GOODS" : "idsc:REPAIR_OF_FOOTWEAR_AND_LEATHER_GOODS "
  ,"REPAIR_OF_FURNITURE_AND_HOME_FURNISHINGS" : "idsc:REPAIR_OF_FURNITURE_AND_HOME_FURNISHINGS "
  ,"REPAIR_OF_HOUSEHOLD_APPLIANCES_AND_HOME_AND_GARDEN_EQUIPMENT" : "idsc:REPAIR_OF_HOUSEHOLD_APPLIANCES_AND_HOME_AND_GARDEN_EQUIPMENT "
  ,"REPAIR_OF_MACHINERY" : "idsc:REPAIR_OF_MACHINERY "
  ,"REPAIR_OF_OTHER_EQUIPMENT" : "idsc:REPAIR_OF_OTHER_EQUIPMENT "
  ,"REPAIR_OF_OTHER_PERSONAL_AND_HOUSEHOLD_GOODS" : "idsc:REPAIR_OF_OTHER_PERSONAL_AND_HOUSEHOLD_GOODS "
  ,"REPAIR_OF_PERSONAL_AND_HOUSEHOLD_GOODS" : "idsc:REPAIR_OF_PERSONAL_AND_HOUSEHOLD_GOODS "
  ,"REPAIR_OF_TRANSPORT_EQUIPMENT_EXCEPT_MOTOR_VEHICLES" : "idsc:REPAIR_OF_TRANSPORT_EQUIPMENT_EXCEPT_MOTOR_VEHICLES "
  ,"REPRODUCTION_OF_RECORDED_MEDIA" : "idsc:REPRODUCTION_OF_RECORDED_MEDIA "
  ,"RESEARCH_AND_EXPERIMENTAL_DEVELOPMENT_ON_NATURAL_SCIENCES_AND_ENGINEERING" : "idsc:RESEARCH_AND_EXPERIMENTAL_DEVELOPMENT_ON_NATURAL_SCIENCES_AND_ENGINEERING "
  ,"RESEARCH_AND_EXPERIMENTAL_DEVELOPMENT_ON_SOCIAL_SCIENCES_AND_HUMANITIES" : "idsc:RESEARCH_AND_EXPERIMENTAL_DEVELOPMENT_ON_SOCIAL_SCIENCES_AND_HUMANITIES "
  ,"RESIDENTIAL_CARE_ACTIVITIES" : "idsc:RESIDENTIAL_CARE_ACTIVITIES "
  ,"RESIDENTIAL_CARE_ACTIVITIES_FOR_MENTAL_RETARDATION_MENTAL_HEALTH_AND_SUBSTANCE_ABUSE" : "idsc:RESIDENTIAL_CARE_ACTIVITIES_FOR_MENTAL_RETARDATION_MENTAL_HEALTH_AND_SUBSTANCE_ABUSE "
  ,"RESIDENTIAL_CARE_ACTIVITIES_FOR_THE_ELDERLY_AND_DISABLED" : "idsc:RESIDENTIAL_CARE_ACTIVITIES_FOR_THE_ELDERLY_AND_DISABLED "
  ,"RESIDENTIAL_NURSING_CARE_FACILITIES" : "idsc:RESIDENTIAL_NURSING_CARE_FACILITIES "
  ,"RESTAURANTS_AND_MOBILE_FOOD_SERVICE_ACTIVITIES" : "idsc:RESTAURANTS_AND_MOBILE_FOOD_SERVICE_ACTIVITIES "
  ,"RETAIL_SALE_IN_NON_SPECIALIZED_STORES" : "idsc:RETAIL_SALE_IN_NON_SPECIALIZED_STORES "
  ,"RETAIL_SALE_IN_NON_SPECIALIZED_STORES_WITH_FOOD_BEVERAGES_OR_TOBACCO_PREDOMINATING" : "idsc:RETAIL_SALE_IN_NON_SPECIALIZED_STORES_WITH_FOOD_BEVERAGES_OR_TOBACCO_PREDOMINATING "
  ,"RETAIL_SALE_OF_AUDIO_AND_VIDEO_EQUIPMENT_IN_SPECIALIZED_STORES" : "idsc:RETAIL_SALE_OF_AUDIO_AND_VIDEO_EQUIPMENT_IN_SPECIALIZED_STORES "
  ,"RETAIL_SALE_OF_AUTOMOTIVE_FUEL_IN_SPECIALIZED_STORES" : "idsc:RETAIL_SALE_OF_AUTOMOTIVE_FUEL_IN_SPECIALIZED_STORES "
  ,"RETAIL_SALE_OF_BEVERAGES_IN_SPECIALIZED_STORES" : "idsc:RETAIL_SALE_OF_BEVERAGES_IN_SPECIALIZED_STORES "
  ,"RETAIL_SALE_OF_BOOKS_NEWSPAPERS_AND_STATIONARY_IN_SPECIALIZED_STORES" : "idsc:RETAIL_SALE_OF_BOOKS_NEWSPAPERS_AND_STATIONARY_IN_SPECIALIZED_STORES "
  ,"RETAIL_SALE_OF_CARPETS_RUGS_WALL_AND_FLOOR_COVERINGS_IN_SPECIALIZED_STORES" : "idsc:RETAIL_SALE_OF_CARPETS_RUGS_WALL_AND_FLOOR_COVERINGS_IN_SPECIALIZED_STORES "
  ,"RETAIL_SALE_OF_CLOTHING_FOOTWEAR_AND_LEATHER_ARTICLES_IN_SPECIALIZED_STORES" : "idsc:RETAIL_SALE_OF_CLOTHING_FOOTWEAR_AND_LEATHER_ARTICLES_IN_SPECIALIZED_STORES "
  ,"RETAIL_SALE_OF_COMPUTERS_PERIPHERAL_UNITS_SOFTWARE_AND_TELECOMMUNICATIONS_EQUIPMENT_IN_SPECIALIZED_STORES" : "idsc:RETAIL_SALE_OF_COMPUTERS_PERIPHERAL_UNITS_SOFTWARE_AND_TELECOMMUNICATIONS_EQUIPMENT_IN_SPECIALIZED_STORES "
  ,"RETAIL_SALE_OF_CULTURAL_AND_RECREATION_GOODS_IN_SPECIALIZED_STORES" : "idsc:RETAIL_SALE_OF_CULTURAL_AND_RECREATION_GOODS_IN_SPECIALIZED_STORES "
  ,"RETAIL_SALE_OF_ELECTRICAL_HOUSEHOLD_APPLIANCES_FURNITURE_LIGHTING_EQUIPMENT_AND_OTHER_HOUSEHOLD_ARTICLES_IN_SPECIALIZED_STORES" : "idsc:RETAIL_SALE_OF_ELECTRICAL_HOUSEHOLD_APPLIANCES_FURNITURE_LIGHTING_EQUIPMENT_AND_OTHER_HOUSEHOLD_ARTICLES_IN_SPECIALIZED_STORES "
  ,"RETAIL_SALE_OF_FOOD_BEVERAGES_AND_TOBACCO_IN_SPECIALIZED_STORES" : "idsc:RETAIL_SALE_OF_FOOD_BEVERAGES_AND_TOBACCO_IN_SPECIALIZED_STORES "
  ,"RETAIL_SALE_OF_FOOD_IN_SPECIALIZED_STORES" : "idsc:RETAIL_SALE_OF_FOOD_IN_SPECIALIZED_STORES "
  ,"RETAIL_SALE_OF_GAMES_AND_TOYS_IN_SPECIALIZED_STORES" : "idsc:RETAIL_SALE_OF_GAMES_AND_TOYS_IN_SPECIALIZED_STORES "
  ,"RETAIL_SALE_OF_HARDWARE_PAINTS_AND_GLASS_IN_SPECIALIZED_STORES" : "idsc:RETAIL_SALE_OF_HARDWARE_PAINTS_AND_GLASS_IN_SPECIALIZED_STORES "
  ,"RETAIL_SALE_OF_INFORMATION_AND_COMMUNICATIONS_EQUIPMENT_IN_SPECIALIZED_STORES" : "idsc:RETAIL_SALE_OF_INFORMATION_AND_COMMUNICATIONS_EQUIPMENT_IN_SPECIALIZED_STORES "
  ,"RETAIL_SALE_OF_MUSIC_AND_VIDEO_RECORDINGS_IN_SPECIALIZED_STORES" : "idsc:RETAIL_SALE_OF_MUSIC_AND_VIDEO_RECORDINGS_IN_SPECIALIZED_STORES "
  ,"RETAIL_SALE_OF_OTHER_GOODS_IN_SPECIALIZED_STORES" : "idsc:RETAIL_SALE_OF_OTHER_GOODS_IN_SPECIALIZED_STORES "
  ,"RETAIL_SALE_OF_OTHER_HOUSEHOLD_EQUIPMENT_IN_SPECIALIZED_STORES" : "idsc:RETAIL_SALE_OF_OTHER_HOUSEHOLD_EQUIPMENT_IN_SPECIALIZED_STORES "
  ,"RETAIL_SALE_OF_PHARMACEUTICAL_AND_MEDICAL_GOODS_COSMETIC_AND_TOILET_ARTICLES_IN_SPECIALIZED_STORES" : "idsc:RETAIL_SALE_OF_PHARMACEUTICAL_AND_MEDICAL_GOODS_COSMETIC_AND_TOILET_ARTICLES_IN_SPECIALIZED_STORES "
  ,"RETAIL_SALE_OF_SECOND_HAND_GOODS" : "idsc:RETAIL_SALE_OF_SECOND_HAND_GOODS "
  ,"RETAIL_SALE_OF_SPORTING_EQUIPMENT_IN_SPECIALIZED_STORES" : "idsc:RETAIL_SALE_OF_SPORTING_EQUIPMENT_IN_SPECIALIZED_STORES "
  ,"RETAIL_SALE_OF_TEXTILES_IN_SPECIALIZED_STORES" : "idsc:RETAIL_SALE_OF_TEXTILES_IN_SPECIALIZED_STORES "
  ,"RETAIL_SALE_OF_TOBACCO_PRODUCTS_IN_SPECIALIZED_STORES" : "idsc:RETAIL_SALE_OF_TOBACCO_PRODUCTS_IN_SPECIALIZED_STORES "
  ,"RETAIL_SALE_VIA_MAIL_ORDER_HOUSES_OR_VIA_INTERNET" : "idsc:RETAIL_SALE_VIA_MAIL_ORDER_HOUSES_OR_VIA_INTERNET "
  ,"RETAIL_SALE_VIA_STALLS_AND_MARKETS" : "idsc:RETAIL_SALE_VIA_STALLS_AND_MARKETS "
  ,"RETAIL_SALE_VIA_STALLS_AND_MARKETS_OF_FOOD_BEVERAGES_AND_TOBACCO_PRODUCTS" : "idsc:RETAIL_SALE_VIA_STALLS_AND_MARKETS_OF_FOOD_BEVERAGES_AND_TOBACCO_PRODUCTS "
  ,"RETAIL_SALE_VIA_STALLS_AND_MARKETS_OF_OTHER_GOODS" : "idsc:RETAIL_SALE_VIA_STALLS_AND_MARKETS_OF_OTHER_GOODS "
  ,"RETAIL_SALE_VIA_STALLS_AND_MARKETS_OF_TEXTILES_CLOTHING_AND_FOOTWEAR" : "idsc:RETAIL_SALE_VIA_STALLS_AND_MARKETS_OF_TEXTILES_CLOTHING_AND_FOOTWEAR "
  ,"RETAIL_TRADE_EXCEPT_OF_MOTOR_VEHICLES_AND_MOTORCYCLES" : "idsc:RETAIL_TRADE_EXCEPT_OF_MOTOR_VEHICLES_AND_MOTORCYCLES "
  ,"RETAIL_TRADE_NOT_IN_STORES_STALLS_OR_MARKETS" : "idsc:RETAIL_TRADE_NOT_IN_STORES_STALLS_OR_MARKETS "
  ,"RISK_AND_DAMAGE_EVALUATION" : "idsc:RISK_AND_DAMAGE_EVALUATION "
  ,"RM" : "idsc:RM "
  ,"RN" : "idsc:RN "
  ,"RO" : "idsc:RO "
  ,"ROBUST_IN_ONLY" : "idsc:ROBUST_IN_ONLY "
  ,"ROBUST_OUT_ONLY" : "idsc:ROBUST_OUT_ONLY "
  ,"RSA" : "idsc:RSA "
  ,"RU" : "idsc:RU "
  ,"RW" : "idsc:RW "
  ,"RequestTemplate" : "idsc:RequestTemplate "
  ,"SA" : "idsc:SA "
  ,"SALE_MAINTENANCE_AND_REPAIR_OF_MOTORCYCLES_AND_RELATED_PARTS_AND_ACCESSORIES" : "idsc:SALE_MAINTENANCE_AND_REPAIR_OF_MOTORCYCLES_AND_RELATED_PARTS_AND_ACCESSORIES "
  ,"SALE_OF_MOTOR_VEHICLES" : "idsc:SALE_OF_MOTOR_VEHICLES "
  ,"SALE_OF_MOTOR_VEHICLE_PARTS_AND_ACCESSORIES" : "idsc:SALE_OF_MOTOR_VEHICLE_PARTS_AND_ACCESSORIES "
  ,"SAME_AS" : "idsc:SAME_AS "
  ,"SAML_1_1" : "idsc:SAML_1_1 "
  ,"SAML_2_0" : "idsc:SAML_2_0 "
  ,"SATELLITE_TELECOMMUNICATIONS_ACTIVITIES" : "idsc:SATELLITE_TELECOMMUNICATIONS_ACTIVITIES "
  ,"SAWMILLING_AND_PLANING_OF_WOOD" : "idsc:SAWMILLING_AND_PLANING_OF_WOOD "
  ,"SC" : "idsc:SC "
  ,"SCHEMA_DEFINITION" : "idsc:SCHEMA_DEFINITION "
  ,"SCIENTIFIC_RESEARCH_AND_DEVELOPMENT" : "idsc:SCIENTIFIC_RESEARCH_AND_DEVELOPMENT "
  ,"SD" : "idsc:SD "
  ,"SE" : "idsc:SE "
  ,"SEA_AND_COASTAL_FREIGHT_WATER_TRANSPORT" : "idsc:SEA_AND_COASTAL_FREIGHT_WATER_TRANSPORT "
  ,"SEA_AND_COASTAL_PASSENGER_WATER_TRANSPORT" : "idsc:SEA_AND_COASTAL_PASSENGER_WATER_TRANSPORT "
  ,"SEA_AND_COASTAL_WATER_TRANSPORT" : "idsc:SEA_AND_COASTAL_WATER_TRANSPORT "
  ,"SECONDARY_EDUCATION" : "idsc:SECONDARY_EDUCATION "
  ,"SECURITY_AND_COMMODITY_CONTRACTS_BROKERAGE" : "idsc:SECURITY_AND_COMMODITY_CONTRACTS_BROKERAGE "
  ,"SECURITY_AND_INVESTIGATION_ACTIVITIES" : "idsc:SECURITY_AND_INVESTIGATION_ACTIVITIES "
  ,"SECURITY_SYSTEMS_SERVICE_ACTIVITIES" : "idsc:SECURITY_SYSTEMS_SERVICE_ACTIVITIES "
  ,"SEED_PROCESSING_FOR_PROPAGATION" : "idsc:SEED_PROCESSING_FOR_PROPAGATION "
  ,"SERVICES_TO_BUILDINGS_AND_LANDSCAPE_ACTIVITIES" : "idsc:SERVICES_TO_BUILDINGS_AND_LANDSCAPE_ACTIVITIES "
  ,"SERVICE_ACTIVITIES_INCIDENTAL_TO_AIR_TRANSPORTATION" : "idsc:SERVICE_ACTIVITIES_INCIDENTAL_TO_AIR_TRANSPORTATION "
  ,"SERVICE_ACTIVITIES_INCIDENTAL_TO_LAND_TRANSPORTATION" : "idsc:SERVICE_ACTIVITIES_INCIDENTAL_TO_LAND_TRANSPORTATION "
  ,"SERVICE_ACTIVITIES_INCIDENTAL_TO_WATER_TRANSPORTATION" : "idsc:SERVICE_ACTIVITIES_INCIDENTAL_TO_WATER_TRANSPORTATION "
  ,"SERVICE_ACTIVITIES_RELATED_TO_PRINTING" : "idsc:SERVICE_ACTIVITIES_RELATED_TO_PRINTING "
  ,"SERVICE_ISOLATION_LEAST_PRIVILEGE" : "idsc:SERVICE_ISOLATION_LEAST_PRIVILEGE "
  ,"SERVICE_ISOLATION_NONE" : "idsc:SERVICE_ISOLATION_NONE "
  ,"SERVICE_ISOLATION_PROCESS_GROUP" : "idsc:SERVICE_ISOLATION_PROCESS_GROUP "
  ,"SEWERAGE" : "idsc:SEWERAGE "
  ,"SG" : "idsc:SG "
  ,"SHORTER" : "idsc:SHORTER "
  ,"SHORTER_EQ" : "idsc:SHORTER_EQ "
  ,"SHORT_TERM_ACCOMMODATION_ACTIVITIES" : "idsc:SHORT_TERM_ACCOMMODATION_ACTIVITIES "
  ,"SI" : "idsc:SI "
  ,"SILVICULTURE_AND_OTHER_FORESTRY_ACTIVITIES" : "idsc:SILVICULTURE_AND_OTHER_FORESTRY_ACTIVITIES "
  ,"SITE_PREPARATION" : "idsc:SITE_PREPARATION "
  ,"SK" : "idsc:SK "
  ,"SL" : "idsc:SL "
  ,"SM" : "idsc:SM "
  ,"SN" : "idsc:SN "
  ,"SO" : "idsc:SO "
  ,"SOCIAL_WORK_ACTIVITIES_WITHOUT_ACCOMMODATION" : "idsc:SOCIAL_WORK_ACTIVITIES_WITHOUT_ACCOMMODATION "
  ,"SOCIAL_WORK_ACTIVITIES_WITHOUT_ACCOMMODATION_FOR_THE_ELDERLY_AND_DISABLED" : "idsc:SOCIAL_WORK_ACTIVITIES_WITHOUT_ACCOMMODATION_FOR_THE_ELDERLY_AND_DISABLED "
  ,"SOFTWARE_PUBLISHING" : "idsc:SOFTWARE_PUBLISHING "
  ,"SOTHER_SERVICE_ACTIVITIES" : "idsc:SOTHER_SERVICE_ACTIVITIES "
  ,"SOUND_RECORDING_AND_MUSIC_PUBLISHING_ACTIVITIES" : "idsc:SOUND_RECORDING_AND_MUSIC_PUBLISHING_ACTIVITIES "
  ,"SPARQL" : "idsc:SPARQL "
  ,"SPATIAL_CONTAINS" : "idsc:SPATIAL_CONTAINS "
  ,"SPATIAL_EQUALS" : "idsc:SPATIAL_EQUALS "
  ,"SPATIAL_MEET" : "idsc:SPATIAL_MEET "
  ,"SPATIAL_OVERLAP" : "idsc:SPATIAL_OVERLAP "
  ,"SPECIALIZED_CONSTRUCTION_ACTIVITIES" : "idsc:SPECIALIZED_CONSTRUCTION_ACTIVITIES "
  ,"SPECIALIZED_DESIGN_ACTIVITIES" : "idsc:SPECIALIZED_DESIGN_ACTIVITIES "
  ,"SPINNING_WEAVING_AND_FINISHING_OF_TEXTILES" : "idsc:SPINNING_WEAVING_AND_FINISHING_OF_TEXTILES "
  ,"SPORTS_ACTIVITIES" : "idsc:SPORTS_ACTIVITIES "
  ,"SPORTS_ACTIVITIES_AND_AMUSEMENT_AND_RECREATION_ACTIVITIES" : "idsc:SPORTS_ACTIVITIES_AND_AMUSEMENT_AND_RECREATION_ACTIVITIES "
  ,"SPORTS_AND_RECREATION_EDUCATION" : "idsc:SPORTS_AND_RECREATION_EDUCATION "
  ,"SQ" : "idsc:SQ "
  ,"SQL" : "idsc:SQL "
  ,"SR" : "idsc:SR "
  ,"SS" : "idsc:SS "
  ,"ST" : "idsc:ST "
  ,"STARTED_BY" : "idsc:STARTED_BY "
  ,"STARTS" : "idsc:STARTS "
  ,"STATE" : "idsc:STATE "
  ,"STEAM_AND_AIR_CONDITIONING_SUPPLY" : "idsc:STEAM_AND_AIR_CONDITIONING_SUPPLY "
  ,"STIRNG_EQ" : "idsc:STIRNG_EQ "
  ,"STRING_CONTAINS" : "idsc:STRING_CONTAINS "
  ,"STRING_IS_CONTAINED" : "idsc:STRING_IS_CONTAINED "
  ,"SU" : "idsc:SU "
  ,"SUPPORT_ACTIVITIES_FOR_ANIMAL_PRODUCTION" : "idsc:SUPPORT_ACTIVITIES_FOR_ANIMAL_PRODUCTION "
  ,"SUPPORT_ACTIVITIES_FOR_CROP_PRODUCTION" : "idsc:SUPPORT_ACTIVITIES_FOR_CROP_PRODUCTION "
  ,"SUPPORT_ACTIVITIES_FOR_OTHER_MINING_AND_QUARRYING" : "idsc:SUPPORT_ACTIVITIES_FOR_OTHER_MINING_AND_QUARRYING "
  ,"SUPPORT_ACTIVITIES_FOR_PETROLEUM_AND_NATURAL_GAS_EXTRACTION" : "idsc:SUPPORT_ACTIVITIES_FOR_PETROLEUM_AND_NATURAL_GAS_EXTRACTION "
  ,"SUPPORT_ACTIVITIES_FOR_TRANSPORTATION" : "idsc:SUPPORT_ACTIVITIES_FOR_TRANSPORTATION "
  ,"SUPPORT_ACTIVITIES_TO_AGRICULTURE_AND_POST_HARVEST_CROP_ACTIVITIES" : "idsc:SUPPORT_ACTIVITIES_TO_AGRICULTURE_AND_POST_HARVEST_CROP_ACTIVITIES "
  ,"SUPPORT_SERVICES_TO_FORESTRY" : "idsc:SUPPORT_SERVICES_TO_FORESTRY "
  ,"SV" : "idsc:SV "
  ,"SW" : "idsc:SW "
  ,"SWT" : "idsc:SWT "
  ,"SYSTEM" : "idsc:SYSTEM "
  ,"SpatialRestrictedUsageAgreementTemplate" : "idsc:SpatialRestrictedUsageAgreementTemplate "
  ,"SpatialRestrictedUsageOfferTemplate" : "idsc:SpatialRestrictedUsageOfferTemplate "
  ,"SpatialRestrictedUsageRequestTemplate" : "idsc:SpatialRestrictedUsageRequestTemplate "
  ,"TA" : "idsc:TA "
  ,"TACTIVITIES_OF_HOUSEHOLDS_AS_EMPLOYERS_UNDIFFERENTIATED_GOODS__AND_SERVICES_PRODUCING_ACTIVITIES_OF_HOUSEHOLDS_FOR_OWN_USE" : "idsc:TACTIVITIES_OF_HOUSEHOLDS_AS_EMPLOYERS_UNDIFFERENTIATED_GOODS__AND_SERVICES_PRODUCING_ACTIVITIES_OF_HOUSEHOLDS_FOR_OWN_USE "
  ,"TANNING_AND_DRESSING_OF_LEATHER_DRESSING_AND_DYEING_OF_FUR" : "idsc:TANNING_AND_DRESSING_OF_LEATHER_DRESSING_AND_DYEING_OF_FUR "
  ,"TANNING_AND_DRESSING_OF_LEATHER_MANUFACTURE_OF_LUGGAGE_HANDBAGS_SADDLERY_AND_HARNESS_DRESSING_AND_DYEING_OF_FUR" : "idsc:TANNING_AND_DRESSING_OF_LEATHER_MANUFACTURE_OF_LUGGAGE_HANDBAGS_SADDLERY_AND_HARNESS_DRESSING_AND_DYEING_OF_FUR "
  ,"TE" : "idsc:TE "
  ,"TECHNICAL_AND_VOCATIONAL_SECONDARY_EDUCATION" : "idsc:TECHNICAL_AND_VOCATIONAL_SECONDARY_EDUCATION "
  ,"TECHNICAL_TESTING_AND_ANALYSIS" : "idsc:TECHNICAL_TESTING_AND_ANALYSIS "
  ,"TELECOMMUNICATIONS" : "idsc:TELECOMMUNICATIONS "
  ,"TELEVISION_PROGRAMMING_AND_BROADCASTING_ACTIVITIES" : "idsc:TELEVISION_PROGRAMMING_AND_BROADCASTING_ACTIVITIES "
  ,"TEMPORAL_DISJOINT" : "idsc:TEMPORAL_DISJOINT "
  ,"TEMPORAL_EQUALS" : "idsc:TEMPORAL_EQUALS "
  ,"TEMPORARILY_NOT_AVAILABLE" : "idsc:TEMPORARILY_NOT_AVAILABLE "
  ,"TEMPORARY_EMPLOYMENT_AGENCY_ACTIVITIES" : "idsc:TEMPORARY_EMPLOYMENT_AGENCY_ACTIVITIES "
  ,"TEXT_CSV" : "idsc:TEXT_CSV "
  ,"TEXT_PLAIN" : "idsc:TEXT_PLAIN "
  ,"TEXT_VND_APIBLUEPRINT" : "idsc:TEXT_VND_APIBLUEPRINT "
  ,"TEXT_XML" : "idsc:TEXT_XML "
  ,"TG" : "idsc:TG "
  ,"TH" : "idsc:TH "
  ,"TI" : "idsc:TI "
  ,"TK" : "idsc:TK "
  ,"TL" : "idsc:TL "
  ,"TN" : "idsc:TN "
  ,"TO" : "idsc:TO "
  ,"TOO_MANY_RESULTS" : "idsc:TOO_MANY_RESULTS "
  ,"TOUR_OPERATOR_ACTIVITIES" : "idsc:TOUR_OPERATOR_ACTIVITIES "
  ,"TR" : "idsc:TR "
  ,"TRACKPROVENANCE" : "idsc:TRACKPROVENANCE "
  ,"TRANSPORT_VIA_PIPELINE" : "idsc:TRANSPORT_VIA_PIPELINE "
  ,"TRANSPORT_VIA_RAILWAYS" : "idsc:TRANSPORT_VIA_RAILWAYS "
  ,"TRAVEL_AGENCY_ACTIVITIES" : "idsc:TRAVEL_AGENCY_ACTIVITIES "
  ,"TRAVEL_AGENCY_AND_TOUR_OPERATOR_ACTIVITIES" : "idsc:TRAVEL_AGENCY_AND_TOUR_OPERATOR_ACTIVITIES "
  ,"TRAVEL_AGENCY_TOUR_OPERATOR_RESERVATION_SERVICE_AND_RELATED_ACTIVITIES" : "idsc:TRAVEL_AGENCY_TOUR_OPERATOR_RESERVATION_SERVICE_AND_RELATED_ACTIVITIES "
  ,"TREATMENT_AND_COATING_OF_METALS_MACHINING" : "idsc:TREATMENT_AND_COATING_OF_METALS_MACHINING "
  ,"TREATMENT_AND_DISPOSAL_OF_HAZARDOUS_WASTE" : "idsc:TREATMENT_AND_DISPOSAL_OF_HAZARDOUS_WASTE "
  ,"TREATMENT_AND_DISPOSAL_OF_NON_HAZARDOUS_WASTE" : "idsc:TREATMENT_AND_DISPOSAL_OF_NON_HAZARDOUS_WASTE "
  ,"TRUSTED_CONNECTOR_PLUS_SECURITY_PROFILE" : "idsc:TRUSTED_CONNECTOR_PLUS_SECURITY_PROFILE "
  ,"TRUSTED_CONNECTOR_SECURITY_PROFILE" : "idsc:TRUSTED_CONNECTOR_SECURITY_PROFILE "
  ,"TRUSTS_FUNDS_AND_SIMILAR_FINANCIAL_ENTITIES" : "idsc:TRUSTS_FUNDS_AND_SIMILAR_FINANCIAL_ENTITIES "
  ,"TS" : "idsc:TS "
  ,"TT" : "idsc:TT "
  ,"TW" : "idsc:TW "
  ,"TY" : "idsc:TY "
  ,"TimeRestrictedUsageAgreementTemplate" : "idsc:TimeRestrictedUsageAgreementTemplate "
  ,"TimeRestrictedUsageOfferTemplate" : "idsc:TimeRestrictedUsageOfferTemplate "
  ,"TimeRestrictedUsageRequestTemplate" : "idsc:TimeRestrictedUsageRequestTemplate "
  ,"UACTIVITIES_OF_EXTRATERRITORIAL_ORGANIZATIONS_AND_BODIES" : "idsc:UACTIVITIES_OF_EXTRATERRITORIAL_ORGANIZATIONS_AND_BODIES "
  ,"UG" : "idsc:UG "
  ,"UK" : "idsc:UK "
  ,"UNDIFFERENTIATED_GOODS_PRODUCING_ACTIVITIES_OF_PRIVATE_HOUSEHOLDS_FOR_OWN_USE" : "idsc:UNDIFFERENTIATED_GOODS_PRODUCING_ACTIVITIES_OF_PRIVATE_HOUSEHOLDS_FOR_OWN_USE "
  ,"UNDIFFERENTIATED_GOODS__AND_SERVICES_PRODUCING_ACTIVITIES_OF_PRIVATE_HOUSEHOLDS_FOR_OWN_USE" : "idsc:UNDIFFERENTIATED_GOODS__AND_SERVICES_PRODUCING_ACTIVITIES_OF_PRIVATE_HOUSEHOLDS_FOR_OWN_USE "
  ,"UNDIFFERENTIATED_SERVICE_PRODUCING_ACTIVITIES_OF_PRIVATE_HOUSEHOLDS_FOR_OWN_USE" : "idsc:UNDIFFERENTIATED_SERVICE_PRODUCING_ACTIVITIES_OF_PRIVATE_HOUSEHOLDS_FOR_OWN_USE "
  ,"UNKNOWN" : "idsc:UNKNOWN "
  ,"UR" : "idsc:UR "
  ,"URBAN_AND_SUBURBAN_PASSENGER_LAND_TRANSPORT" : "idsc:URBAN_AND_SUBURBAN_PASSENGER_LAND_TRANSPORT "
  ,"USAGE_CONTROL_NONE" : "idsc:USAGE_CONTROL_NONE "
  ,"USAGE_CONTROL_POLICY_ENFORCEMENT" : "idsc:USAGE_CONTROL_POLICY_ENFORCEMENT "
  ,"USAGE_CONTROL_REMOTE_COMPLIANCE_VERIFICATION" : "idsc:USAGE_CONTROL_REMOTE_COMPLIANCE_VERIFICATION "
  ,"USE" : "idsc:USE "
  ,"USER" : "idsc:USER "
  ,"UZ" : "idsc:UZ "
  ,"VE" : "idsc:VE "
  ,"VERSION_NOT_SUPPORTED" : "idsc:VERSION_NOT_SUPPORTED "
  ,"VETERINARY_ACTIVITIES" : "idsc:VETERINARY_ACTIVITIES "
  ,"VI" : "idsc:VI "
  ,"VO" : "idsc:VO "
  ,"WA" : "idsc:WA "
  ,"WAREHOUSING_AND_STORAGE" : "idsc:WAREHOUSING_AND_STORAGE "
  ,"WAREHOUSING_AND_SUPPORT_ACTIVITIES_FOR_TRANSPORTATION" : "idsc:WAREHOUSING_AND_SUPPORT_ACTIVITIES_FOR_TRANSPORTATION "
  ,"WASHING_AND_DRY__CLEANING_OF_TEXTILE_AND_FUR_PRODUCTS" : "idsc:WASHING_AND_DRY__CLEANING_OF_TEXTILE_AND_FUR_PRODUCTS "
  ,"WASTE_COLLECTION" : "idsc:WASTE_COLLECTION "
  ,"WASTE_COLLECTION_TREATMENT_AND_DISPOSAL_ACTIVITIES_MATERIALS_RECOVERY" : "idsc:WASTE_COLLECTION_TREATMENT_AND_DISPOSAL_ACTIVITIES_MATERIALS_RECOVERY "
  ,"WASTE_TREATMENT_AND_DISPOSAL" : "idsc:WASTE_TREATMENT_AND_DISPOSAL "
  ,"WATER_COLLECTION_TREATMENT_AND_SUPPLY" : "idsc:WATER_COLLECTION_TREATMENT_AND_SUPPLY "
  ,"WATER_TRANSPORT" : "idsc:WATER_TRANSPORT "
  ,"WEAVING_OF_TEXTILES" : "idsc:WEAVING_OF_TEXTILES "
  ,"WEB_PORTALS" : "idsc:WEB_PORTALS "
  ,"WHOLESALE_AND_RETAIL_TRADE_AND_REPAIR_OF_MOTOR_VEHICLES_AND_MOTORCYCLES" : "idsc:WHOLESALE_AND_RETAIL_TRADE_AND_REPAIR_OF_MOTOR_VEHICLES_AND_MOTORCYCLES "
  ,"WHOLESALE_OF_AGRICULTURAL_MACHINERY_EQUIPMENT_AND_SUPPLIES" : "idsc:WHOLESALE_OF_AGRICULTURAL_MACHINERY_EQUIPMENT_AND_SUPPLIES "
  ,"WHOLESALE_OF_AGRICULTURAL_RAW_MATERIALS_AND_LIVE_ANIMALS" : "idsc:WHOLESALE_OF_AGRICULTURAL_RAW_MATERIALS_AND_LIVE_ANIMALS "
  ,"WHOLESALE_OF_COMPUTERS_COMPUTER_PERIPHERAL_EQUIPMENT_AND_SOFTWARE" : "idsc:WHOLESALE_OF_COMPUTERS_COMPUTER_PERIPHERAL_EQUIPMENT_AND_SOFTWARE "
  ,"WHOLESALE_OF_CONSTRUCTION_MATERIALS_HARDWARE_PLUMBING_AND_HEATING_EQUIPMENT_AND_SUPPLIES" : "idsc:WHOLESALE_OF_CONSTRUCTION_MATERIALS_HARDWARE_PLUMBING_AND_HEATING_EQUIPMENT_AND_SUPPLIES "
  ,"WHOLESALE_OF_ELECTRONIC_AND_TELECOMMUNICATIONS_EQUIPMENT_AND_PARTS" : "idsc:WHOLESALE_OF_ELECTRONIC_AND_TELECOMMUNICATIONS_EQUIPMENT_AND_PARTS "
  ,"WHOLESALE_OF_FOOD_BEVERAGES_AND_TOBACCO" : "idsc:WHOLESALE_OF_FOOD_BEVERAGES_AND_TOBACCO "
  ,"WHOLESALE_OF_HOUSEHOLD_GOODS" : "idsc:WHOLESALE_OF_HOUSEHOLD_GOODS "
  ,"WHOLESALE_OF_MACHINERY_EQUIPMENT_AND_SUPPLIES" : "idsc:WHOLESALE_OF_MACHINERY_EQUIPMENT_AND_SUPPLIES "
  ,"WHOLESALE_OF_METALS_AND_METAL_ORES" : "idsc:WHOLESALE_OF_METALS_AND_METAL_ORES "
  ,"WHOLESALE_OF_OTHER_HOUSEHOLD_GOODS" : "idsc:WHOLESALE_OF_OTHER_HOUSEHOLD_GOODS "
  ,"WHOLESALE_OF_OTHER_MACHINERY_AND_EQUIPMENT" : "idsc:WHOLESALE_OF_OTHER_MACHINERY_AND_EQUIPMENT "
  ,"WHOLESALE_OF_SOLID_LIQUID_AND_GASEOUS_FUELS_AND_RELATED_PRODUCTS" : "idsc:WHOLESALE_OF_SOLID_LIQUID_AND_GASEOUS_FUELS_AND_RELATED_PRODUCTS "
  ,"WHOLESALE_OF_TEXTILES_CLOTHING_AND_FOOTWEAR" : "idsc:WHOLESALE_OF_TEXTILES_CLOTHING_AND_FOOTWEAR "
  ,"WHOLESALE_OF_WASTE_AND_SCRAP_AND_OTHER_PRODUCTS_NEC" : "idsc:WHOLESALE_OF_WASTE_AND_SCRAP_AND_OTHER_PRODUCTS_NEC "
  ,"WHOLESALE_ON_A_FEE_OR_CONTRACT_BASIS" : "idsc:WHOLESALE_ON_A_FEE_OR_CONTRACT_BASIS "
  ,"WHOLESALE_TRADE_EXCEPT_OF_MOTOR_VEHICLES_AND_MOTORCYCLES" : "idsc:WHOLESALE_TRADE_EXCEPT_OF_MOTOR_VEHICLES_AND_MOTORCYCLES "
  ,"WIRED_TELECOMMUNICATIONS_ACTIVITIES" : "idsc:WIRED_TELECOMMUNICATIONS_ACTIVITIES "
  ,"WIRELESS_TELECOMMUNICATIONS_ACTIVITIES" : "idsc:WIRELESS_TELECOMMUNICATIONS_ACTIVITIES "
  ,"WO" : "idsc:WO "
  ,"WRITE" : "idsc:WRITE "
  ,"XH" : "idsc:XH "
  ,"XQUERY" : "idsc:XQUERY "
  ,"YI" : "idsc:YI "
  ,"YO" : "idsc:YO "
  ,"ZA" : "idsc:ZA "
  ,"ZH" : "idsc:ZH "
  ,"ZU" : "idsc:ZU "
  ,"AccessOfferByRoleTemplate" : "idsc:AccessOfferByRoleTemplate "
  ,"UsageAgreementAfterPaymentTemplate" : "idsc:UsageAgreementAfterPaymentTemplate "
  ,"UsageAgreementByRoleTemplate" : "idsc:UsageAgreementByRoleTemplate "
  ,"UsageAgreementForPurposeTemplate" : "idsc:UsageAgreementForPurposeTemplate "
  ,"UsageAgreementLogAccessTemplate" : "idsc:UsageAgreementLogAccessTemplate "
  ,"UsageAgreementNUsagesTemplate" : "idsc:UsageAgreementNUsagesTemplate "
  ,"UsageAgreementUntilDeletionTemplate" : "idsc:UsageAgreementUntilDeletionTemplate "
  ,"UsageOfferAfterEventTemplate" : "idsc:UsageOfferAfterEventTemplate "
  ,"UsageOfferAfterPaymentTemplate" : "idsc:UsageOfferAfterPaymentTemplate "
  ,"UsageOfferByRoleTemplate" : "idsc:UsageOfferByRoleTemplate "
  ,"UsageOfferForPurposeTemplate" : "idsc:UsageOfferForPurposeTemplate "
  ,"UsageOfferLogAccessTemplate" : "idsc:UsageOfferLogAccessTemplate "
  ,"UsageOfferNUsagesTemplate" : "idsc:UsageOfferNUsagesTemplate "
  ,"UsageOfferUntilDeletionTemplate" : "idsc:UsageOfferUntilDeletionTemplate "
  ,"UsageRequestAfterEventTemplate" : "idsc:UsageRequestAfterEventTemplate "
  ,"UsageRequestAfterPaymentTemplate" : "idsc:UsageRequestAfterPaymentTemplate "
  ,"UsageRequestByRoleTemplate" : "idsc:UsageRequestByRoleTemplate "
  ,"UsageRequestForPurposeTemplate" : "idsc:UsageRequestForPurposeTemplate "
  ,"UsageRequestLogAccessTemplate" : "idsc:UsageRequestLogAccessTemplate "
  ,"UsageRequestNUsagesTemplate" : "idsc:UsageRequestNUsagesTemplate "
  ,"UsageRequestUntilDeletionTemplate" : "idsc:UsageRequestUntilDeletionTemplate "
  }
}