{
    "select":[{
        "identifier": "http://w3id.org/mds#DataCategory",
        "identifier_children": "http://w3id.org/mds#dataSubcategory",
        "required": true,
        "required_children": false
    }, {
        "identifier": "http://w3id.org/mds#TransportMode",
        "identifier_children": "",
        "required": false,
        "required_children": false
    }
    ],
    "text":[
        {
            "identifier": "http://w3id.org/mds#dataModel",
            "required": false
        },{
            "identifier": "http://w3id.org/mds#geoReferenceMethod",
            "required": false
        }
    ]
}